Unnamed: 0,EmployeeID,EnvironmentSatisfaction,JobSatisfaction,WorkLifeBalance
0,1,3,4,2
1,2,3,2,4
2,3,2,2,1
3,4,4,4,3
4,5,4,1,3
5,6,3,2,2
6,7,1,3,1
7,8,1,2,3
8,9,2,4,3
9,10,2,1,3
10,11,3,4,3
11,12,3,4,3
12,13,4,1,3
13,14,1,2,2
14,15,4,4,2
15,16,3,4,4
16,17,4,3,4
17,18,1,4,3
18,19,2,2,2
19,20,1,1,3
20,21,3,2,1
21,22,1,2,2
22,23,3,3,2
23,24,2,3,3
24,25,2,4,2
25,26,2,4,3
26,27,1,1,3
27,28,4,4,3
28,29,4,3,1
29,30,4,4,3
30,31,1,2,3
31,32,4,4,3
32,33,3,1,3
33,34,3,2,3
34,35,4,2,2
35,36,4,4,3
36,37,2,4,2
37,38,3,2,4
38,39,3,3,3
39,40,3,2,2
40,41,3,3,3
41,42,4,2,3
42,43,4,2,3
43,44,4,3,3
44,45,2,1,3
45,46,2,4,2
46,47,3,4,2
47,48,2,2,3
48,49,4,3,2
49,50,1,2,3
50,51,4,3,3
51,52,3,4,3
52,53,1,1,3
53,54,1,1,3
54,55,3,4,1
55,56,4,2,3
56,57,3,1,3
57,58,3,4,3
58,59,3,3,3
59,60,3,2,2
60,61,3,2,2
61,62,3,2,3
62,63,4,3,3
63,64,4,4,3
64,65,1,4,2
65,66,1,4,2
66,67,4,4,3
67,68,3,3,3
68,69,3,4,3
69,70,4,3,2
70,71,2,4,2
71,72,4,3,3
72,73,3,3,4
73,74,3,2,3
74,75,4,3,2
75,76,3,1,2
76,77,4,4,3
77,78,2,4,2
78,79,2,1,2
79,80,2,4,3
80,81,4,3,3
81,82,2,2,3
82,83,4,4,2
83,84,3,4,3
84,85,3,4,3
85,86,4,2,3
86,87,3,2,3
87,88,3,4,2
88,89,4,2,3
89,90,2,3,3
90,91,1,4,3
91,92,4,3,2
92,93,3,3,3
93,94,3,2,3
94,95,1,3,1
95,96,3,1,3
96,97,4,3,4
97,98,3,3,3
98,99,1,4,3
99,100,1,2,3
100,101,4,4,3
101,102,1,4,3
102,103,4,3,3
103,104,4,3,3
104,105,1,4,2
105,106,4,3,3
106,107,3,1,3
107,108,3,3,4
108,109,1,2,3
109,110,4,4,3
110,111,3,3,3
111,112,3,2,3
112,113,3,2,3
113,114,4,4,3
114,115,3,2,3
115,116,4,2,3
116,117,2,4,3
117,118,2,3,3
118,119,3,4,2
119,120,4,3,3
120,121,1,4,2
121,122,3,4,3
122,123,4,3,4
123,124,3,2,3
124,125,3,3,3
125,126,1,2,3
126,127,2,3,3
127,128,3,4,3
128,129,4,1,2
129,130,4,2,3
130,131,2,1,3
131,132,3,2,2
132,133,1,2,3
133,134,2,3,3
134,135,1,1,2
135,136,3,3,3
136,137,2,1,1
137,138,4,4,3
138,139,3,3,3
139,140,2,4,3
140,141,2,3,3
141,142,4,1,3
142,143,2,3,3
143,144,3,1,2
144,145,2,3,3
145,146,2,1,3
146,147,3,1,3
147,148,1,1,3
148,149,4,3,3
149,150,1,4,2
150,151,4,4,1
151,152,1,3,3
152,153,3,4,3
153,154,1,1,1
154,155,3,3,2
155,156,4,4,4
156,157,1,2,3
157,158,4,3,2
158,159,4,4,3
159,160,3,3,3
160,161,1,4,1
161,162,3,4,1
162,163,2,3,3
163,164,3,2,4
164,165,1,4,4
165,166,3,1,3
166,167,1,4,2
167,168,2,3,3
168,169,3,4,2
169,170,3,1,4
170,171,1,4,3
171,172,1,3,1
172,173,4,3,3
173,174,3,3,3
174,175,4,3,3
175,176,3,4,3
176,177,3,2,4
177,178,2,3,4
178,179,1,4,3
179,180,4,2,3
180,181,4,3,3
181,182,1,3,3
182,183,2,1,3
183,184,2,3,3
184,185,2,4,2
185,186,3,3,3
186,187,2,4,3
187,188,1,2,3
188,189,4,4,3
189,190,2,3,3
190,191,2,3,3
191,192,3,3,3
192,193,2,4,4
193,194,4,1,2
194,195,4,2,4
195,196,3,3,2
196,197,4,4,4
197,198,1,3,3
198,199,3,4,2
199,200,2,2,3
200,201,3,1,3
201,202,1,3,3
202,203,1,3,3
203,204,1,3,3
204,205,4,4,3
205,206,3,4,1
206,207,2,4,4
207,208,1,3,2
208,209,2,1,3
209,210,1,2,3
210,211,4,1,3
211,212,4,3,3
212,213,4,4,3
213,214,3,3,3
214,215,2,2,2
215,216,4,3,3
216,217,2,4,3
217,218,1,2,4
218,219,4,2,3
219,220,1,2,3
220,221,2,3,3
221,222,1,3,3
222,223,2,1,4
223,224,2,4,3
224,225,2,1,1
225,226,1,4,3
226,227,1,4,4
227,228,1,3,2
228,229,4,3,2
229,230,4,2,4
230,231,3,4,3
231,232,2,4,2
232,233,3,1,2
233,234,4,3,3
234,235,4,1,1
235,236,1,3,4
236,237,3,3,3
237,238,3,1,3
238,239,3,3,3
239,240,4,4,4
240,241,1,3,3
241,242,3,3,3
242,243,1,4,2
243,244,3,3,3
244,245,4,1,4
245,246,2,4,2
246,247,1,1,3
247,248,3,4,3
248,249,3,3,3
249,250,2,3,2
250,251,2,4,3
251,252,3,4,1
252,253,3,2,4
253,254,2,2,3
254,255,1,4,3
255,256,4,3,3
256,257,1,1,3
257,258,3,3,3
258,259,1,1,4
259,260,4,2,3
260,261,4,4,3
261,262,2,4,3
262,263,2,2,3
263,264,4,4,3
264,265,4,4,3
265,266,4,3,3
266,267,4,2,4
267,268,1,3,3
268,269,4,3,3
269,270,4,4,2
270,271,2,3,3
271,272,2,4,2
272,273,3,1,3
273,274,3,4,3
274,275,4,1,3
275,276,4,1,3
276,277,3,3,3
277,278,2,4,2
278,279,1,1,3
279,280,4,1,2
280,281,4,3,3
281,282,4,2,3
282,283,1,2,3
283,284,1,1,3
284,285,3,3,4
285,286,1,3,3
286,287,4,3,2
287,288,3,4,2
288,289,3,3,3
289,290,3,3,3
290,291,4,4,3
291,292,2,3,3
292,293,2,1,4
293,294,3,2,1
294,295,3,4,2
295,296,4,4,2
296,297,4,1,1
297,298,4,2,3
298,299,4,4,3
299,300,4,1,4
300,301,3,4,3
301,302,4,3,1
302,303,2,1,3
303,304,3,1,4
304,305,4,4,2
305,306,3,4,2
306,307,2,3,3
307,308,1,3,3
308,309,2,3,3
309,310,4,4,3
310,311,4,1,3
311,312,1,1,3
312,313,4,4,3
313,314,1,3,3
314,315,2,3,2
315,316,4,1,2
316,317,2,4,3
317,318,4,1,3
318,319,3,4,3
319,320,4,1,2
320,321,1,1,3
321,322,3,1,3
322,323,1,4,2
323,324,4,3,3
324,325,3,2,3
325,326,3,1,3
326,327,2,4,2
327,328,3,1,3
328,329,3,2,3
329,330,4,3,3
330,331,3,3,3
331,332,2,1,3
332,333,3,3,4
333,334,1,1,3
334,335,3,4,2
335,336,3,2,3
336,337,3,3,3
337,338,4,2,3
338,339,4,3,3
339,340,4,4,3
340,341,3,3,2
341,342,3,2,3
342,343,3,3,3
343,344,1,3,3
344,345,3,4,2
345,346,2,3,3
346,347,2,2,2
347,348,1,1,2
348,349,3,4,3
349,350,3,4,4
350,351,3,4,2
351,352,2,1,3
352,353,3,4,3
353,354,3,3,4
354,355,2,2,3
355,356,3,4,1
356,357,3,3,3
357,358,4,4,2
358,359,1,3,2
359,360,4,2,2
360,361,1,1,2
361,362,1,1,3
362,363,3,1,2
363,364,2,4,2
364,365,2,4,2
365,366,2,4,2
366,367,1,4,3
367,368,4,1,3
368,369,3,3,2
369,370,3,4,3
370,371,4,3,3
371,372,2,4,3
372,373,4,4,1
373,374,1,4,2
374,375,2,4,3
375,376,1,1,3
376,377,3,1,3
377,378,4,3,3
378,379,4,2,2
379,380,4,4,3
380,381,3,1,4
381,382,3,1,3
382,383,1,4,2
383,384,2,2,3
384,385,2,2,3
385,386,3,4,2
386,387,4,4,3
387,388,2,3,3
388,389,1,4,3
389,390,4,2,3
390,391,3,4,3
391,392,4,4,3
392,393,4,4,2
393,394,3,4,3
394,395,1,2,3
395,396,1,1,3
396,397,4,4,3
397,398,4,2,4
398,399,1,4,1
399,400,1,4,3
400,401,2,1,3
401,402,1,4,3
402,403,4,4,2
403,404,1,2,4
404,405,3,3,2
405,406,3,4,2
406,407,3,4,2
407,408,4,4,2
408,409,2,3,4
409,410,2,4,2
410,411,3,3,3
411,412,4,1,1
412,413,2,3,3
413,414,2,2,3
414,415,3,3,3
415,416,3,1,3
416,417,3,2,3
417,418,2,3,4
418,419,4,4,1
419,420,1,2,2
420,421,4,3,2
421,422,4,3,2
422,423,2,4,3
423,424,4,1,3
424,425,3,2,3
425,426,3,2,3
426,427,1,2,2
427,428,3,1,3
428,429,4,1,3
429,430,3,3,3
430,431,4,2,4
431,432,1,1,3
432,433,4,4,1
433,434,4,2,3
434,435,3,1,4
435,436,3,4,3
436,437,2,4,3
437,438,1,3,1
438,439,3,2,2
439,440,3,4,3
440,441,3,3,3
441,442,4,4,2
442,443,4,3,3
443,444,3,3,4
444,445,3,3,4
445,446,3,4,3
446,447,4,4,3
447,448,1,3,3
448,449,2,2,2
449,450,3,3,4
450,451,1,4,3
451,452,3,1,3
452,453,4,3,3
453,454,4,1,3
454,455,2,4,3
455,456,4,4,3
456,457,4,4,2
457,458,3,2,3
458,459,1,3,4
459,460,3,2,3
460,461,4,1,3
461,462,4,4,3
462,463,1,3,3
463,464,4,3,3
464,465,3,3,2
465,466,4,3,3
466,467,4,3,3
467,468,3,2,1
468,469,3,1,3
469,470,2,4,3
470,471,3,3,3
471,472,3,3,2
472,473,2,1,2
473,474,4,1,3
474,475,2,2,3
475,476,4,4,3
476,477,2,1,2
477,478,1,3,3
478,479,3,3,3
479,480,4,3,3
480,481,4,4,3
481,482,1,4,3
482,483,2,4,2
483,484,4,3,3
484,485,1,4,3
485,486,3,4,3
486,487,1,2,1
487,488,3,2,3
488,489,2,3,3
489,490,3,4,3
490,491,2,1,3
491,492,1,4,3
492,493,4,4,3
493,494,4,3,3
494,495,3,1,3
495,496,4,1,3
496,497,2,4,2
497,498,4,4,4
498,499,4,3,3
499,500,2,4,2
500,501,2,4,1
501,502,2,2,3
502,503,3,2,3
503,504,1,3,2
504,505,1,1,3
505,506,3,3,3
506,507,4,2,3
507,508,3,3,3
508,509,2,3,2
509,510,4,2,2
510,511,3,1,2
511,512,1,3,3
512,513,4,4,3
513,514,3,3,3
514,515,1,3,3
515,516,4,4,2
516,517,3,1,4
517,518,3,4,3
518,519,4,4,3
519,520,3,1,2
520,521,4,1,3
521,522,1,3,4
522,523,2,1,2
523,524,1,1,3
524,525,3,1,2
525,526,2,3,3
526,527,3,3,2
527,528,1,4,3
528,529,1,3,3
529,530,4,2,3
530,531,3,3,4
531,532,2,1,3
532,533,4,4,3
533,534,4,1,3
534,535,1,3,3
535,536,1,3,2
536,537,1,4,2
537,538,4,4,3
538,539,4,4,4
539,540,1,3,2
540,541,1,2,3
541,542,4,1,3
542,543,1,2,3
543,544,4,3,3
544,545,4,2,3
545,546,3,4,3
546,547,1,4,2
547,548,2,3,3
548,549,2,2,3
549,550,3,3,3
550,551,3,4,3
551,552,4,2,2
552,553,1,3,3
553,554,4,2,3
554,555,3,1,3
555,556,1,4,3
556,557,3,3,4
557,558,4,2,4
558,559,3,2,2
559,560,1,4,3
560,561,3,4,3
561,562,1,2,1
562,563,4,4,3
563,564,4,2,3
564,565,4,3,2
565,566,4,2,2
566,567,2,4,3
567,568,2,4,2
568,569,3,3,4
569,570,3,3,3
570,571,3,3,3
571,572,1,1,3
572,573,2,4,3
573,574,3,3,2
574,575,3,4,3
575,576,4,3,3
576,577,2,3,2
577,578,3,3,1
578,579,4,1,1
579,580,2,3,2
580,581,3,1,2
581,582,2,1,4
582,583,4,3,3
583,584,4,2,3
584,585,3,4,2
585,586,1,4,3
586,587,3,3,3
587,588,3,4,1
588,589,3,2,4
589,590,4,1,3
590,591,4,4,4
591,592,1,3,2
592,593,3,1,3
593,594,4,1,3
594,595,2,4,3
595,596,3,1,3
596,597,1,3,2
597,598,4,4,2
598,599,1,3,2
599,600,3,3,3
600,601,4,3,3
601,602,2,4,2
602,603,3,4,3
603,604,3,1,3
604,605,4,3,3
605,606,2,3,3
606,607,1,1,1
607,608,3,1,3
608,609,2,2,3
609,610,4,1,3
610,611,4,1,3
611,612,4,2,3
612,613,3,1,3
613,614,4,2,1
614,615,2,3,2
615,616,3,3,3
616,617,3,3,2
617,618,4,4,3
618,619,3,4,3
619,620,4,4,2
620,621,4,1,4
621,622,2,4,3
622,623,3,2,3
623,624,4,3,3
624,625,3,1,3
625,626,1,4,3
626,627,2,2,4
627,628,3,4,3
628,629,4,2,3
629,630,1,1,3
630,631,3,4,2
631,632,1,1,2
632,633,4,3,1
633,634,1,4,3
634,635,1,2,4
635,636,1,4,3
636,637,4,4,3
637,638,3,1,2
638,639,3,1,3
639,640,3,4,3
640,641,3,4,3
641,642,1,3,4
642,643,3,2,2
643,644,4,2,2
644,645,1,3,3
645,646,3,4,3
646,647,4,4,4
647,648,4,4,2
648,649,3,3,2
649,650,2,2,3
650,651,4,3,3
651,652,2,4,3
652,653,4,3,3
653,654,3,4,3
654,655,3,4,2
655,656,1,2,3
656,657,4,2,3
657,658,1,3,1
658,659,4,2,3
659,660,3,1,3
660,661,4,2,2
661,662,4,4,2
662,663,3,2,4
663,664,4,3,2
664,665,3,1,2
665,666,3,2,4
666,667,3,3,3
667,668,2,2,3
668,669,4,4,4
669,670,3,2,3
670,671,1,4,3
671,672,4,4,3
672,673,2,3,2
673,674,3,3,3
674,675,2,3,3
675,676,4,1,2
676,677,4,2,2
677,678,3,4,4
678,679,3,2,3
679,680,3,2,3
680,681,1,3,3
681,682,4,3,3
682,683,3,1,3
683,684,1,4,3
684,685,4,3,3
685,686,4,1,4
686,687,3,4,3
687,688,4,1,3
688,689,4,2,3
689,690,2,2,2
690,691,2,1,3
691,692,1,3,3
692,693,4,3,2
693,694,3,2,3
694,695,4,2,4
695,696,1,1,4
696,697,3,3,2
697,698,4,3,3
698,699,4,2,3
699,700,3,3,3
700,701,4,4,2
701,702,3,4,3
702,703,3,1,3
703,704,3,3,3
704,705,3,2,3
705,706,2,1,3
706,707,3,1,4
707,708,4,4,2
708,709,3,1,2
709,710,2,2,3
710,711,1,1,2
711,712,4,4,3
712,713,3,4,3
713,714,4,2,2
714,715,4,4,4
715,716,4,4,3
716,717,4,4,3
717,718,1,3,2
718,719,4,2,3
719,720,1,3,3
720,721,2,3,3
721,722,2,3,3
722,723,3,4,4
723,724,4,3,2
724,725,4,3,3
725,726,3,4,4
726,727,3,1,3
727,728,4,3,2
728,729,1,4,4
729,730,2,2,3
730,731,4,4,2
731,732,3,3,3
732,733,2,4,4
733,734,3,2,2
734,735,3,3,3
735,736,1,3,3
736,737,4,3,2
737,738,1,3,1
738,739,4,4,3
739,740,4,3,3
740,741,1,4,3
741,742,3,1,3
742,743,3,1,1
743,744,1,3,3
744,745,3,4,3
745,746,1,4,2
746,747,3,1,3
747,748,2,1,2
748,749,1,1,3
749,750,3,4,3
750,751,4,4,2
751,752,4,1,3
752,753,2,4,4
753,754,1,2,3
754,755,2,3,3
755,756,4,1,3
756,757,1,2,4
757,758,4,1,3
758,759,1,2,4
759,760,2,1,4
760,761,1,4,2
761,762,3,1,2
762,763,1,4,2
763,764,1,1,3
764,765,3,3,1
765,766,1,1,4
766,767,1,3,4
767,768,4,3,3
768,769,4,4,2
769,770,4,2,2
770,771,2,3,2
771,772,3,3,4
772,773,1,4,3
773,774,1,4,4
774,775,1,1,4
775,776,3,2,3
776,777,2,1,3
777,778,4,2,3
778,779,2,4,1
779,780,2,4,4
780,781,3,1,3
781,782,1,3,3
782,783,4,2,3
783,784,4,1,3
784,785,3,3,3
785,786,4,2,2
786,787,1,3,2
787,788,3,3,4
788,789,4,2,2
789,790,4,1,3
790,791,4,1,3
791,792,4,3,2
792,793,1,4,3
793,794,1,3,2
794,795,3,3,2
795,796,2,3,2
796,797,3,2,3
797,798,2,1,2
798,799,1,3,4
799,800,1,2,1
800,801,1,2,4
801,802,4,3,3
802,803,2,1,2
803,804,4,2,3
804,805,2,3,2
805,806,3,3,3
806,807,3,3,4
807,808,4,3,3
808,809,1,2,3
809,810,3,3,2
810,811,3,1,2
811,812,1,3,1
812,813,3,1,3
813,814,3,1,3
814,815,4,2,3
815,816,3,2,2
816,817,4,3,3
817,818,3,4,4
818,819,2,4,3
819,820,1,1,1
820,821,4,1,4
821,822,2,2,3
822,823,3,2,4
823,824,4,2,1
824,825,1,3,3
825,826,4,1,1
826,827,4,3,3
827,828,4,3,1
828,829,3,4,3
829,830,2,3,3
830,831,3,2,3
831,832,1,4,3
832,833,3,1,3
833,834,4,2,3
834,835,4,4,3
835,836,4,4,1
836,837,1,1,4
837,838,2,3,3
838,839,3,4,3
839,840,3,1,3
840,841,4,4,3
841,842,1,2,3
842,843,2,3,3
843,844,4,2,3
844,845,3,4,2
845,846,3,3,3
846,847,3,3,2
847,848,1,1,1
848,849,2,1,3
849,850,3,3,3
850,851,4,1,3
851,852,3,2,3
852,853,1,1,3
853,854,3,4,3
854,855,3,2,3
855,856,4,1,2
856,857,3,1,2
857,858,1,4,1
858,859,3,4,3
859,860,2,3,2
860,861,1,4,3
861,862,3,2,3
862,863,2,2,4
863,864,2,3,3
864,865,2,1,3
865,866,1,3,3
866,867,4,3,3
867,868,1,4,4
868,869,3,3,3
869,870,4,3,3
870,871,1,1,3
871,872,4,4,3
872,873,2,3,2
873,874,4,3,2
874,875,4,1,3
875,876,4,2,3
876,877,3,4,2
877,878,4,1,1
878,879,3,2,3
879,880,2,3,2
880,881,2,3,3
881,882,2,4,3
882,883,2,4,2
883,884,2,2,2
884,885,3,1,3
885,886,1,1,3
886,887,4,1,3
887,888,3,3,3
888,889,3,4,3
889,890,3,1,2
890,891,2,1,3
891,892,4,1,3
892,893,2,1,3
893,894,2,1,2
894,895,3,4,3
895,896,2,4,4
896,897,4,3,3
897,898,3,3,3
898,899,1,3,3
899,900,3,3,3
900,901,3,3,2
901,902,1,3,1
902,903,4,4,3
903,904,4,3,4
904,905,4,1,3
905,906,2,2,1
906,907,3,4,2
907,908,1,4,3
908,909,3,4,3
909,910,3,4,2
910,911,1,4,3
911,912,2,3,3
912,913,4,4,2
913,914,1,1,1
914,915,3,3,3
915,916,2,1,3
916,917,4,3,3
917,918,4,2,3
918,919,1,2,3
919,920,4,1,3
920,921,3,3,3
921,922,4,2,3
922,923,1,2,3
923,924,3,3,3
924,925,4,3,3
925,926,4,1,3
926,927,2,3,3
927,928,3,3,3
928,929,4,4,4
929,930,4,4,4
930,931,1,2,2
931,932,4,4,3
932,933,4,2,2
933,934,1,4,3
934,935,4,1,2
935,936,4,2,3
936,937,2,2,3
937,938,3,3,3
938,939,4,3,3
939,940,4,1,3
940,941,3,4,3
941,942,1,3,2
942,943,3,4,3
943,944,4,3,3
944,945,4,3,2
945,946,2,4,3
946,947,4,3,3
947,948,4,2,3
948,949,4,4,3
949,950,1,2,3
950,951,2,4,4
951,952,3,4,4
952,953,2,2,3
953,954,3,4,2
954,955,2,4,3
955,956,3,4,3
956,957,3,4,3
957,958,1,4,4
958,959,4,4,3
959,960,3,3,3
960,961,4,3,3
961,962,4,3,3
962,963,3,4,2
963,964,3,3,2
964,965,4,3,3
965,966,3,3,1
966,967,4,3,4
967,968,4,2,3
968,969,1,3,2
969,970,2,3,4
970,971,3,2,3
971,972,2,1,3
972,973,2,1,4
973,974,3,2,3
974,975,4,3,3
975,976,2,4,2
976,977,3,2,1
977,978,3,4,2
978,979,2,1,3
979,980,1,2,3
980,981,3,2,1
981,982,4,4,2
982,983,4,4,3
983,984,4,3,1
984,985,2,2,2
985,986,3,3,4
986,987,4,1,3
987,988,1,4,3
988,989,3,4,2
989,990,1,3,3
990,991,3,4,2
991,992,2,2,3
992,993,4,3,4
993,994,3,1,3
994,995,4,4,3
995,996,4,2,2
996,997,4,4,4
997,998,1,1,2
998,999,3,2,2
999,1000,1,3,3
1000,1001,4,1,3
1001,1002,3,3,3
1002,1003,2,2,3
1003,1004,2,4,3
1004,1005,3,3,3
1005,1006,2,2,2
1006,1007,3,1,3
1007,1008,4,2,2
1008,1009,3,1,3
1009,1010,4,3,3
1010,1011,1,3,2
1011,1012,2,4,3
1012,1013,4,4,3
1013,1014,2,2,3
1014,1015,4,3,3
1015,1016,3,1,3
1016,1017,1,4,3
1017,1018,1,3,3
1018,1019,2,2,3
1019,1020,3,4,3
1020,1021,4,1,3
1021,1022,3,2,2
1022,1023,3,2,2
1023,1024,3,4,3
1024,1025,4,1,3
1025,1026,3,4,4
1026,1027,3,3,3
1027,1028,2,2,3
1028,1029,3,1,2
1029,1030,2,1,2
1030,1031,2,4,3
1031,1032,1,2,3
1032,1033,4,1,2
1033,1034,4,1,1
1034,1035,3,4,3
1035,1036,1,3,2
1036,1037,2,2,1
1037,1038,3,3,4
1038,1039,1,3,3
1039,1040,4,2,3
1040,1041,4,2,4
1041,1042,3,4,3
1042,1043,2,3,3
1043,1044,2,2,2
1044,1045,2,3,4
1045,1046,3,2,3
1046,1047,2,1,3
1047,1048,4,4,2
1048,1049,1,1,3
1049,1050,3,1,3
1050,1051,2,4,2
1051,1052,3,4,3
1052,1053,1,3,3
1053,1054,2,3,1
1054,1055,4,1,3
1055,1056,1,1,3
1056,1057,3,3,4
1057,1058,4,2,3
1058,1059,1,4,3
1059,1060,4,4,2
1060,1061,4,4,4
1061,1062,4,4,4
1062,1063,3,3,2
1063,1064,2,3,3
1064,1065,4,4,2
1065,1066,3,4,3
1066,1067,4,3,3
1067,1068,4,3,3
1068,1069,3,2,2
1069,1070,1,1,3
1070,1071,2,3,3
1071,1072,4,2,3
1072,1073,1,3,3
1073,1074,4,2,3
1074,1075,4,4,2
1075,1076,3,2,3
1076,1077,4,1,2
1077,1078,3,4,3
1078,1079,2,4,4
1079,1080,2,2,3
1080,1081,2,4,2
1081,1082,4,2,3
1082,1083,2,3,3
1083,1084,2,3,3
1084,1085,3,4,3
1085,1086,4,1,3
1086,1087,4,1,3
1087,1088,4,2,3
1088,1089,2,4,2
1089,1090,2,4,2
1090,1091,1,1,3
1091,1092,2,3,2
1092,1093,1,3,3
1093,1094,4,4,3
1094,1095,2,1,3
1095,1096,4,1,3
1096,1097,1,4,3
1097,1098,3,2,1
1098,1099,3,2,3
1099,1100,3,1,4
1100,1101,3,4,3
1101,1102,4,4,2
1102,1103,1,3,2
1103,1104,3,4,3
1104,1105,2,3,3
1105,1106,2,3,2
1106,1107,3,4,3
1107,1108,3,1,3
1108,1109,1,3,3
1109,1110,2,2,2
1110,1111,3,4,3
1111,1112,4,3,3
1112,1113,3,2,4
1113,1114,4,1,3
1114,1115,1,1,3
1115,1116,4,2,3
1116,1117,4,4,2
1117,1118,1,3,3
1118,1119,2,4,4
1119,1120,2,4,3
1120,1121,2,4,3
1121,1122,1,2,3
1122,1123,2,1,1
1123,1124,3,3,2
1124,1125,3,1,4
1125,1126,1,2,3
1126,1127,1,4,2
1127,1128,4,3,2
1128,1129,3,1,2
1129,1130,1,1,2
1130,1131,3,4,3
1131,1132,4,1,3
1132,1133,3,4,2
1133,1134,1,1,2
1134,1135,3,4,3
1135,1136,4,4,3
1136,1137,4,4,3
1137,1138,1,4,3
1138,1139,1,1,2
1139,1140,1,3,2
1140,1141,4,3,3
1141,1142,1,3,3
1142,1143,4,2,3
1143,1144,3,2,3
1144,1145,4,4,3
1145,1146,2,1,3
1146,1147,4,3,3
1147,1148,3,3,4
1148,1149,3,1,3
1149,1150,2,3,2
1150,1151,4,4,4
1151,1152,4,3,4
1152,1153,2,2,3
1153,1154,3,2,3
1154,1155,4,2,2
1155,1156,4,3,2
1156,1157,1,3,3
1157,1158,2,3,2
1158,1159,4,2,3
1159,1160,1,3,3
1160,1161,1,3,3
1161,1162,4,1,2
1162,1163,4,4,3
1163,1164,3,2,1
1164,1165,4,3,3
1165,1166,4,3,4
1166,1167,2,3,3
1167,1168,2,4,3
1168,1169,3,2,3
1169,1170,1,4,2
1170,1171,2,2,3
1171,1172,1,4,3
1172,1173,2,3,3
1173,1174,3,4,3
1174,1175,3,4,3
1175,1176,1,3,2
1176,1177,1,4,2
1177,1178,2,4,3
1178,1179,3,1,3
1179,1180,4,4,2
1180,1181,4,1,2
1181,1182,1,4,3
1182,1183,4,2,3
1183,1184,3,3,2
1184,1185,1,4,4
1185,1186,1,3,2
1186,1187,4,3,1
1187,1188,1,2,3
1188,1189,4,3,3
1189,1190,4,4,2
1190,1191,3,2,3
1191,1192,4,1,3
1192,1193,3,4,3
1193,1194,1,4,3
1194,1195,2,3,3
1195,1196,2,3,2
1196,1197,4,3,3
1197,1198,3,3,3
1198,1199,3,3,4
1199,1200,3,3,3
1200,1201,3,4,3
1201,1202,4,2,3
1202,1203,4,1,1
1203,1204,4,1,3
1204,1205,2,4,2
1205,1206,2,1,3
1206,1207,4,3,3
1207,1208,3,4,3
1208,1209,4,1,3
1209,1210,2,2,3
1210,1211,4,2,2
1211,1212,2,3,4
1212,1213,2,4,1
1213,1214,3,2,3
1214,1215,4,3,3
1215,1216,4,3,3
1216,1217,1,2,3
1217,1218,4,4,2
1218,1219,3,1,2
1219,1220,4,3,3
1220,1221,4,3,3
1221,1222,3,3,2
1222,1223,1,2,3
1223,1224,4,3,3
1224,1225,3,3,2
1225,1226,2,4,3
1226,1227,3,3,3
1227,1228,2,1,3
1228,1229,1,2,2
1229,1230,4,4,2
1230,1231,1,4,3
1231,1232,4,4,3
1232,1233,1,3,2
1233,1234,3,1,3
1234,1235,1,2,3
1235,1236,3,4,3
1236,1237,2,1,3
1237,1238,3,3,2
1238,1239,2,1,3
1239,1240,3,2,3
1240,1241,1,4,3
1241,1242,2,1,2
1242,1243,3,4,3
1243,1244,4,4,4
1244,1245,4,3,3
1245,1246,4,4,4
1246,1247,2,4,2
1247,1248,4,3,2
1248,1249,1,3,3
1249,1250,4,4,3
1250,1251,2,1,4
1251,1252,3,1,3
1252,1253,3,4,3
1253,1254,4,1,3
1254,1255,1,3,2
1255,1256,4,3,3
1256,1257,3,4,3
1257,1258,2,3,3
1258,1259,2,3,3
1259,1260,2,2,3
1260,1261,1,4,3
1261,1262,4,4,3
1262,1263,1,3,3
1263,1264,3,3,2
1264,1265,2,1,2
1265,1266,3,1,3
1266,1267,3,4,2
1267,1268,1,4,3
1268,1269,2,1,2
1269,1270,3,1,3
1270,1271,4,4,2
1271,1272,1,3,4
1272,1273,1,4,3
1273,1274,4,4,3
1274,1275,2,3,2
1275,1276,1,1,2
1276,1277,3,3,3
1277,1278,4,3,3
1278,1279,2,2,3
1279,1280,2,1,3
1280,1281,2,1,2
1281,1282,4,3,2
1282,1283,1,3,2
1283,1284,3,2,3
1284,1285,3,2,3
1285,1286,2,2,3
1286,1287,2,4,3
1287,1288,3,4,3
1288,1289,3,1,3
1289,1290,4,1,4
1290,1291,1,3,4
1291,1292,2,2,3
1292,1293,4,4,2
1293,1294,2,3,3
1294,1295,1,4,3
1295,1296,2,4,3
1296,1297,1,2,3
1297,1298,4,4,2
1298,1299,3,1,3
1299,1300,4,4,3
1300,1301,3,4,3
1301,1302,3,4,3
1302,1303,3,2,2
1303,1304,3,4,1
1304,1305,3,2,2
1305,1306,3,1,2
1306,1307,2,3,3
1307,1308,1,3,1
1308,1309,1,3,2
1309,1310,2,3,4
1310,1311,4,3,2
1311,1312,2,2,4
1312,1313,3,1,3
1313,1314,4,1,3
1314,1315,4,4,3
1315,1316,1,3,3
1316,1317,3,4,4
1317,1318,3,4,3
1318,1319,1,2,2
1319,1320,3,3,3
1320,1321,4,4,3
1321,1322,2,4,3
1322,1323,1,1,2
1323,1324,1,3,3
1324,1325,4,4,3
1325,1326,2,3,3
1326,1327,3,2,3
1327,1328,3,4,3
1328,1329,3,1,3
1329,1330,2,4,3
1330,1331,1,4,3
1331,1332,3,4,4
1332,1333,1,3,2
1333,1334,3,2,4
1334,1335,2,2,3
1335,1336,1,3,3
1336,1337,2,3,2
1337,1338,3,2,2
1338,1339,4,4,2
1339,1340,4,3,2
1340,1341,3,4,3
1341,1342,3,1,2
1342,1343,2,3,3
1343,1344,3,4,3
1344,1345,2,3,3
1345,1346,3,3,3
1346,1347,3,3,3
1347,1348,2,2,3
1348,1349,1,4,3
1349,1350,4,3,4
1350,1351,1,3,3
1351,1352,3,4,1
1352,1353,1,1,4
1353,1354,3,4,2
1354,1355,4,3,3
1355,1356,1,3,2
1356,1357,4,4,4
1357,1358,4,1,3
1358,1359,2,4,3
1359,1360,4,1,2
1360,1361,3,1,3
1361,1362,2,2,3
1362,1363,2,2,3
1363,1364,3,2,3
1364,1365,2,3,1
1365,1366,2,2,1
1366,1367,2,4,3
1367,1368,4,3,3
1368,1369,2,3,3
1369,1370,2,2,2
1370,1371,3,4,2
1371,1372,3,3,3
1372,1373,3,4,3
1373,1374,4,2,1
1374,1375,3,4,1
1375,1376,3,4,1
1376,1377,3,3,2
1377,1378,3,2,3
1378,1379,1,3,3
1379,1380,2,4,3
1380,1381,1,4,4
1381,1382,3,3,3
1382,1383,3,2,2
1383,1384,3,1,4
1384,1385,4,2,2
1385,1386,3,1,3
1386,1387,3,1,4
1387,1388,3,1,3
1388,1389,3,4,4
1389,1390,2,4,2
1390,1391,2,1,3
1391,1392,3,4,3
1392,1393,3,4,3
1393,1394,4,2,3
1394,1395,2,2,2
1395,1396,3,3,2
1396,1397,4,1,3
1397,1398,4,2,3
1398,1399,4,3,3
1399,1400,3,2,3
1400,1401,4,3,2
1401,1402,4,2,3
1402,1403,3,3,3
1403,1404,4,2,2
1404,1405,2,3,3
1405,1406,4,4,4
1406,1407,1,4,3
1407,1408,2,1,3
1408,1409,2,2,3
1409,1410,3,3,3
1410,1411,4,3,3
1411,1412,4,4,1
1412,1413,3,1,3
1413,1414,4,4,3
1414,1415,4,3,4
1415,1416,3,4,4
1416,1417,2,1,3
1417,1418,2,4,2
1418,1419,4,2,2
1419,1420,2,4,3
1420,1421,4,4,1
1421,1422,4,1,3
1422,1423,4,4,2
1423,1424,3,3,3
1424,1425,4,3,3
1425,1426,2,2,1
1426,1427,4,1,3
1427,1428,4,4,3
1428,1429,3,1,2
1429,1430,3,3,2
1430,1431,4,4,3
1431,1432,4,1,3
1432,1433,4,2,4
1433,1434,3,2,3
1434,1435,2,4,3
1435,1436,1,3,2
1436,1437,3,3,3
1437,1438,3,4,3
1438,1439,1,4,3
1439,1440,2,4,3
1440,1441,3,3,4
1441,1442,3,4,2
1442,1443,3,4,2
1443,1444,3,4,3
1444,1445,2,3,2
1445,1446,4,4,2
1446,1447,3,4,1
1447,1448,4,4,3
1448,1449,1,1,4
1449,1450,1,3,4
1450,1451,3,2,3
1451,1452,4,3,1
1452,1453,3,3,3
1453,1454,3,4,3
1454,1455,3,1,2
1455,1456,1,4,3
1456,1457,3,4,3
1457,1458,2,3,3
1458,1459,3,4,2
1459,1460,4,1,3
1460,1461,3,1,2
1461,1462,1,3,3
1462,1463,1,3,3
1463,1464,3,3,3
1464,1465,3,4,3
1465,1466,4,1,3
1466,1467,4,4,3
1467,1468,1,3,3
1468,1469,4,3,3
1469,1470,1,3,3
1470,1471,3,4,3
1471,1472,3,2,4
1472,1473,2,2,1
1473,1474,4,4,3
1474,1475,4,1,3
1475,1476,3,2,2
1476,1477,3,3,1
1477,1478,1,2,3
1478,1479,2,4,3
1479,1480,2,1,3
1480,1481,3,4,3
1481,1482,4,4,3
1482,1483,4,1,3
1483,1484,1,2,2
1484,1485,4,4,2
1485,1486,3,4,4
1486,1487,4,3,4
1487,1488,1,4,3
1488,1489,2,2,2
1489,1490,1,1,3
1490,1491,3,2,1
1491,1492,1,2,2
1492,1493,3,3,2
1493,1494,2,3,3
1494,1495,2,4,2
1495,1496,2,4,3
1496,1497,1,1,3
1497,1498,4,4,3
1498,1499,4,3,1
1499,1500,4,4,3
1500,1501,1,2,3
1501,1502,4,4,3
1502,1503,3,1,3
1503,1504,3,2,3
1504,1505,4,2,2
1505,1506,4,4,3
1506,1507,2,4,2
1507,1508,3,2,4
1508,1509,3,3,3
1509,1510,3,2,2
1510,1511,3,4,3
1511,1512,4,2,3
1512,1513,4,2,3
1513,1514,4,3,3
1514,1515,2,1,3
1515,1516,2,4,2
1516,1517,3,4,2
1517,1518,2,2,3
1518,1519,4,3,2
1519,1520,1,2,3
1520,1521,4,3,3
1521,1522,3,4,3
1522,1523,1,1,3
1523,1524,1,1,3
1524,1525,3,4,1
1525,1526,4,2,3
1526,1527,3,1,3
1527,1528,3,4,3
1528,1529,3,3,3
1529,1530,3,2,2
1530,1531,3,2,2
1531,1532,3,2,3
1532,1533,4,3,3
1533,1534,4,4,3
1534,1535,1,4,2
1535,1536,1,4,2
1536,1537,4,4,3
1537,1538,3,3,3
1538,1539,3,4,3
1539,1540,4,3,2
1540,1541,2,4,2
1541,1542,4,3,3
1542,1543,3,3,4
1543,1544,3,2,3
1544,1545,4,3,2
1545,1546,3,1,2
1546,1547,4,4,3
1547,1548,2,4,2
1548,1549,2,1,2
1549,1550,2,4,3
1550,1551,4,3,3
1551,1552,2,2,3
1552,1553,4,4,2
1553,1554,3,4,3
1554,1555,3,4,2
1555,1556,4,2,3
1556,1557,3,2,3
1557,1558,3,4,2
1558,1559,4,2,3
1559,1560,2,3,3
1560,1561,1,4,3
1561,1562,4,3,2
1562,1563,3,3,3
1563,1564,3,2,3
1564,1565,1,3,1
1565,1566,3,1,3
1566,1567,4,3,4
1567,1568,3,3,3
1568,1569,1,4,3
1569,1570,1,2,3
1570,1571,4,4,3
1571,1572,1,4,3
1572,1573,4,3,3
1573,1574,4,3,3
1574,1575,1,4,2
1575,1576,4,3,3
1576,1577,3,1,3
1577,1578,3,3,4
1578,1579,1,2,3
1579,1580,4,4,3
1580,1581,3,3,3
1581,1582,3,2,3
1582,1583,3,2,3
1583,1584,4,4,3
1584,1585,3,2,3
1585,1586,4,2,3
1586,1587,2,4,3
1587,1588,2,3,3
1588,1589,3,4,2
1589,1590,4,3,3
1590,1591,1,4,2
1591,1592,3,4,3
1592,1593,4,3,4
1593,1594,3,2,3
1594,1595,3,1,3
1595,1596,1,2,3
1596,1597,2,3,3
1597,1598,3,4,3
1598,1599,4,1,2
1599,1600,4,2,3
1600,1601,2,1,3
1601,1602,3,2,2
1602,1603,1,2,3
1603,1604,2,3,3
1604,1605,1,1,2
1605,1606,3,3,3
1606,1607,2,1,1
1607,1608,4,4,3
1608,1609,3,3,3
1609,1610,2,4,3
1610,1611,2,3,3
1611,1612,4,1,3
1612,1613,2,3,3
1613,1614,3,1,2
1614,1615,2,3,3
1615,1616,2,1,3
1616,1617,3,1,3
1617,1618,1,1,3
1618,1619,4,3,3
1619,1620,1,4,2
1620,1621,4,4,1
1621,1622,1,3,3
1622,1623,3,4,3
1623,1624,1,1,1
1624,1625,3,3,2
1625,1626,4,4,4
1626,1627,1,2,3
1627,1628,4,3,2
1628,1629,4,4,3
1629,1630,3,3,3
1630,1631,1,4,1
1631,1632,3,4,1
1632,1633,2,3,3
1633,1634,3,2,4
1634,1635,1,4,4
1635,1636,3,1,3
1636,1637,1,4,2
1637,1638,2,3,3
1638,1639,3,4,2
1639,1640,3,1,4
1640,1641,1,4,3
1641,1642,1,3,1
1642,1643,4,3,3
1643,1644,3,3,3
1644,1645,4,3,3
1645,1646,3,4,3
1646,1647,3,2,4
1647,1648,2,3,4
1648,1649,1,4,3
1649,1650,4,2,3
1650,1651,4,3,3
1651,1652,1,3,3
1652,1653,2,1,3
1653,1654,2,3,3
1654,1655,2,4,2
1655,1656,3,3,3
1656,1657,2,4,3
1657,1658,1,2,3
1658,1659,4,4,3
1659,1660,2,3,3
1660,1661,2,3,3
1661,1662,3,3,3
1662,1663,2,4,4
1663,1664,4,1,2
1664,1665,4,2,4
1665,1666,2,3,2
1666,1667,4,4,4
1667,1668,1,3,3
1668,1669,3,4,2
1669,1670,2,2,3
1670,1671,3,1,3
1671,1672,1,3,3
1672,1673,1,3,3
1673,1674,1,3,3
1674,1675,4,4,3
1675,1676,3,4,1
1676,1677,2,4,4
1677,1678,1,3,2
1678,1679,2,3,3
1679,1680,1,2,3
1680,1681,4,1,3
1681,1682,4,3,3
1682,1683,4,4,3
1683,1684,3,3,3
1684,1685,2,2,2
1685,1686,4,3,3
1686,1687,2,4,3
1687,1688,1,2,4
1688,1689,4,2,3
1689,1690,1,2,3
1690,1691,2,3,3
1691,1692,1,3,3
1692,1693,2,1,4
1693,1694,2,4,3
1694,1695,2,1,1
1695,1696,1,4,3
1696,1697,1,4,4
1697,1698,1,3,2
1698,1699,4,3,2
1699,1700,4,2,4
1700,1701,3,4,3
1701,1702,2,4,2
1702,1703,3,1,2
1703,1704,4,3,3
1704,1705,4,1,1
1705,1706,1,3,4
1706,1707,3,3,3
1707,1708,3,1,3
1708,1709,3,3,3
1709,1710,4,4,4
1710,1711,1,3,3
1711,1712,3,3,3
1712,1713,1,4,2
1713,1714,3,3,3
1714,1715,4,1,4
1715,1716,2,4,2
1716,1717,1,1,3
1717,1718,3,4,3
1718,1719,3,3,3
1719,1720,2,3,2
1720,1721,2,4,3
1721,1722,3,4,1
1722,1723,3,2,3
1723,1724,2,2,3
1724,1725,1,4,3
1725,1726,4,3,3
1726,1727,1,1,3
1727,1728,3,3,3
1728,1729,1,1,4
1729,1730,4,2,3
1730,1731,4,4,3
1731,1732,2,4,3
1732,1733,2,2,3
1733,1734,4,4,3
1734,1735,4,4,3
1735,1736,4,3,3
1736,1737,4,2,4
1737,1738,1,3,3
1738,1739,4,3,3
1739,1740,4,4,2
1740,1741,2,3,3
1741,1742,2,4,2
1742,1743,3,1,3
1743,1744,3,4,3
1744,1745,4,1,3
1745,1746,4,1,3
1746,1747,3,3,3
1747,1748,2,4,2
1748,1749,1,1,3
1749,1750,4,1,2
1750,1751,4,3,3
1751,1752,4,2,3
1752,1753,1,2,3
1753,1754,1,1,3
1754,1755,3,3,4
1755,1756,1,3,3
1756,1757,4,3,2
1757,1758,3,4,2
1758,1759,3,3,3
1759,1760,3,3,3
1760,1761,4,4,3
1761,1762,2,3,3
1762,1763,2,1,4
1763,1764,3,2,1
1764,1765,3,4,2
1765,1766,4,4,2
1766,1767,4,1,1
1767,1768,4,2,3
1768,1769,4,4,3
1769,1770,4,1,4
1770,1771,1,4,3
1771,1772,4,3,1
1772,1773,2,1,3
1773,1774,3,1,4
1774,1775,4,4,2
1775,1776,3,4,2
1776,1777,2,3,3
1777,1778,1,3,3
1778,1779,2,3,3
1779,1780,4,4,3
1780,1781,4,1,3
1781,1782,1,1,3
1782,1783,4,4,3
1783,1784,1,4,3
1784,1785,2,3,2
1785,1786,4,1,3
1786,1787,2,4,3
1787,1788,4,1,3
1788,1789,3,4,3
1789,1790,4,1,2
1790,1791,1,1,3
1791,1792,3,1,3
1792,1793,1,4,2
1793,1794,4,3,3
1794,1795,3,2,3
1795,1796,3,1,3
1796,1797,2,4,2
1797,1798,3,1,3
1798,1799,3,2,3
1799,1800,4,3,3
1800,1801,3,3,3
1801,1802,2,1,3
1802,1803,3,3,4
1803,1804,1,1,3
1804,1805,3,4,2
1805,1806,3,2,3
1806,1807,3,3,3
1807,1808,4,2,3
1808,1809,4,3,3
1809,1810,4,4,3
1810,1811,3,3,2
1811,1812,3,2,3
1812,1813,3,3,3
1813,1814,1,3,3
1814,1815,3,4,2
1815,1816,2,3,3
1816,1817,2,2,2
1817,1818,1,1,2
1818,1819,3,4,3
1819,1820,3,4,4
1820,1821,3,4,2
1821,1822,2,1,3
1822,1823,3,4,3
1823,1824,3,3,4
1824,1825,2,2,3
1825,1826,3,4,1
1826,1827,3,3,3
1827,1828,4,4,2
1828,1829,1,3,2
1829,1830,4,2,2
1830,1831,1,1,2
1831,1832,1,1,3
1832,1833,3,1,2
1833,1834,2,4,2
1834,1835,2,4,2
1835,1836,2,4,2
1836,1837,1,4,3
1837,1838,4,1,3
1838,1839,3,3,2
1839,1840,3,4,3
1840,1841,4,3,3
1841,1842,2,4,3
1842,1843,4,4,1
1843,1844,1,4,2
1844,1845,2,4,3
1845,1846,1,1,3
1846,1847,3,1,3
1847,1848,4,3,3
1848,1849,4,2,3
1849,1850,4,4,3
1850,1851,3,1,4
1851,1852,3,1,3
1852,1853,1,4,2
1853,1854,2,2,3
1854,1855,2,2,3
1855,1856,3,4,2
1856,1857,4,4,3
1857,1858,2,3,3
1858,1859,1,4,3
1859,1860,4,2,3
1860,1861,3,4,3
1861,1862,4,4,3
1862,1863,4,4,2
1863,1864,3,4,3
1864,1865,1,2,3
1865,1866,1,1,3
1866,1867,4,4,3
1867,1868,4,2,4
1868,1869,1,4,1
1869,1870,1,4,3
1870,1871,2,1,3
1871,1872,1,4,3
1872,1873,4,4,2
1873,1874,1,2,4
1874,1875,3,3,2
1875,1876,4,4,2
1876,1877,3,4,2
1877,1878,4,4,2
1878,1879,2,3,4
1879,1880,2,4,2
1880,1881,3,3,3
1881,1882,4,1,1
1882,1883,2,3,3
1883,1884,2,2,3
1884,1885,3,3,3
1885,1886,3,1,3
1886,1887,3,2,3
1887,1888,2,3,4
1888,1889,4,4,1
1889,1890,1,2,2
1890,1891,4,3,2
1891,1892,4,3,2
1892,1893,2,4,3
1893,1894,4,1,3
1894,1895,3,2,3
1895,1896,3,2,3
1896,1897,1,2,2
1897,1898,3,1,3
1898,1899,4,1,3
1899,1900,3,3,3
1900,1901,4,2,4
1901,1902,1,1,3
1902,1903,4,4,1
1903,1904,4,2,3
1904,1905,3,1,4
1905,1906,3,4,3
1906,1907,2,4,3
1907,1908,1,3,1
1908,1909,3,2,2
1909,1910,3,3,3
1910,1911,3,3,3
1911,1912,4,4,3
1912,1913,4,3,3
1913,1914,3,3,4
1914,1915,3,3,4
1915,1916,3,4,3
1916,1917,4,4,3
1917,1918,1,3,3
1918,1919,2,2,2
1919,1920,3,3,4
1920,1921,1,4,3
1921,1922,3,1,3
1922,1923,4,3,3
1923,1924,4,1,3
1924,1925,2,4,3
1925,1926,4,4,3
1926,1927,4,4,2
1927,1928,3,2,3
1928,1929,1,3,4
1929,1930,3,2,3
1930,1931,4,1,3
1931,1932,4,4,3
1932,1933,1,3,3
1933,1934,4,3,3
1934,1935,3,3,2
1935,1936,4,3,3
1936,1937,4,3,3
1937,1938,3,2,1
1938,1939,3,1,3
1939,1940,2,4,3
1940,1941,3,3,3
1941,1942,3,3,2
1942,1943,2,1,2
1943,1944,4,1,3
1944,1945,2,2,3
1945,1946,4,4,3
1946,1947,2,1,2
1947,1948,1,3,3
1948,1949,3,3,3
1949,1950,4,3,3
1950,1951,4,4,3
1951,1952,1,4,3
1952,1953,2,4,2
1953,1954,4,3,3
1954,1955,1,4,3
1955,1956,3,4,3
1956,1957,1,2,1
1957,1958,3,2,3
1958,1959,2,3,3
1959,1960,2,4,3
1960,1961,2,1,3
1961,1962,1,4,3
1962,1963,4,4,3
1963,1964,4,3,3
1964,1965,3,1,3
1965,1966,4,1,3
1966,1967,2,4,2
1967,1968,4,4,4
1968,1969,4,3,3
1969,1970,2,4,2
1970,1971,2,4,1
1971,1972,2,2,3
1972,1973,3,2,3
1973,1974,1,3,2
1974,1975,1,1,3
1975,1976,3,3,3
1976,1977,4,2,3
1977,1978,3,3,3
1978,1979,2,3,2
1979,1980,4,2,2
1980,1981,3,1,2
1981,1982,1,3,3
1982,1983,4,4,3
1983,1984,3,3,3
1984,1985,1,3,3
1985,1986,4,4,2
1986,1987,3,1,4
1987,1988,3,4,3
1988,1989,4,4,3
1989,1990,3,1,2
1990,1991,4,1,3
1991,1992,1,3,4
1992,1993,2,1,2
1993,1994,1,1,3
1994,1995,3,1,2
1995,1996,2,3,3
1996,1997,3,3,2
1997,1998,1,4,3
1998,1999,1,3,3
1999,2000,4,2,3
2000,2001,3,3,4
2001,2002,2,1,3
2002,2003,4,4,3
2003,2004,4,1,3
2004,2005,1,3,3
2005,2006,1,3,2
2006,2007,1,4,2
2007,2008,4,4,3
2008,2009,4,4,4
2009,2010,1,3,2
2010,2011,1,2,3
2011,2012,4,1,3
2012,2013,1,2,3
2013,2014,4,3,3
2014,2015,4,2,3
2015,2016,3,4,3
2016,2017,1,4,3
2017,2018,2,3,3
2018,2019,2,2,3
2019,2020,3,3,3
2020,2021,3,4,3
2021,2022,4,2,2
2022,2023,1,3,3
2023,2024,4,2,3
2024,2025,3,1,3
2025,2026,1,4,3
2026,2027,3,3,4
2027,2028,4,2,4
2028,2029,3,2,2
2029,2030,1,4,3
2030,2031,3,4,3
2031,2032,1,2,1
2032,2033,4,4,3
2033,2034,4,2,3
2034,2035,4,3,2
2035,2036,4,2,2
2036,2037,2,4,3
2037,2038,2,4,2
2038,2039,3,3,4
2039,2040,3,3,3
2040,2041,3,3,3
2041,2042,1,1,3
2042,2043,2,4,3
2043,2044,3,3,2
2044,2045,3,4,3
2045,2046,4,3,3
2046,2047,2,3,2
2047,2048,3,3,1
2048,2049,4,1,1
2049,2050,2,3,2
2050,2051,3,1,2
2051,2052,2,1,4
2052,2053,4,3,3
2053,2054,4,2,3
2054,2055,3,4,2
2055,2056,1,4,3
2056,2057,3,3,3
2057,2058,3,4,1
2058,2059,3,2,4
2059,2060,4,1,3
2060,2061,4,4,4
2061,2062,1,3,2
2062,2063,3,1,3
2063,2064,4,1,3
2064,2065,2,4,3
2065,2066,3,1,3
2066,2067,1,3,2
2067,2068,4,4,2
2068,2069,1,3,2
2069,2070,3,3,3
2070,2071,4,3,3
2071,2072,2,4,2
2072,2073,3,4,3
2073,2074,3,1,3
2074,2075,4,3,3
2075,2076,2,3,3
2076,2077,1,1,1
2077,2078,3,1,3
2078,2079,2,2,3
2079,2080,4,1,3
2080,2081,4,1,3
2081,2082,4,2,3
2082,2083,3,1,3
2083,2084,4,2,1
2084,2085,2,3,2
2085,2086,3,3,3
2086,2087,3,3,2
2087,2088,4,4,3
2088,2089,3,4,3
2089,2090,4,4,2
2090,2091,4,1,4
2091,2092,2,4,3
2092,2093,3,2,3
2093,2094,4,3,3
2094,2095,3,1,3
2095,2096,1,4,3
2096,2097,2,2,4
2097,2098,3,4,3
2098,2099,4,2,3
2099,2100,1,1,3
2100,2101,3,4,2
2101,2102,1,1,2
2102,2103,4,3,1
2103,2104,1,4,3
2104,2105,1,2,4
2105,2106,1,4,3
2106,2107,4,4,3
2107,2108,3,1,2
2108,2109,3,1,3
2109,2110,3,4,3
2110,2111,3,4,3
2111,2112,1,3,4
2112,2113,3,2,2
2113,2114,4,2,2
2114,2115,1,3,3
2115,2116,3,4,3
2116,2117,4,4,4
2117,2118,4,4,2
2118,2119,3,3,2
2119,2120,2,2,3
2120,2121,4,3,3
2121,2122,2,4,3
2122,2123,4,3,3
2123,2124,3,4,3
2124,2125,3,4,2
2125,2126,1,2,3
2126,2127,4,2,3
2127,2128,1,3,1
2128,2129,4,2,3
2129,2130,3,1,3
2130,2131,4,2,2
2131,2132,4,4,2
2132,2133,3,2,4
2133,2134,4,3,2
2134,2135,3,1,2
2135,2136,3,2,4
2136,2137,3,3,3
2137,2138,2,2,3
2138,2139,4,4,4
2139,2140,3,2,3
2140,2141,1,4,3
2141,2142,4,4,3
2142,2143,2,3,3
2143,2144,3,3,3
2144,2145,2,3,3
2145,2146,4,1,2
2146,2147,4,2,2
2147,2148,3,4,4
2148,2149,3,2,3
2149,2150,3,2,3
2150,2151,1,3,3
2151,2152,4,3,3
2152,2153,3,1,3
2153,2154,1,4,3
2154,2155,4,3,3
2155,2156,4,1,4
2156,2157,3,4,3
2157,2158,4,1,3
2158,2159,4,2,3
2159,2160,2,2,2
2160,2161,2,1,3
2161,2162,1,3,3
2162,2163,4,3,2
2163,2164,3,2,3
2164,2165,4,2,4
2165,2166,1,1,4
2166,2167,3,3,2
2167,2168,4,3,3
2168,2169,4,2,3
2169,2170,3,3,3
2170,2171,4,4,2
2171,2172,3,4,3
2172,2173,3,1,3
2173,2174,3,3,3
2174,2175,3,2,3
2175,2176,2,1,3
2176,2177,3,1,4
2177,2178,4,4,2
2178,2179,3,1,2
2179,2180,2,2,3
2180,2181,1,1,2
2181,2182,4,4,3
2182,2183,3,3,3
2183,2184,4,2,2
2184,2185,4,4,4
2185,2186,4,4,3
2186,2187,4,4,3
2187,2188,1,3,2
2188,2189,4,2,3
2189,2190,1,3,3
2190,2191,2,3,3
2191,2192,2,3,3
2192,2193,3,4,4
2193,2194,4,3,2
2194,2195,4,3,3
2195,2196,3,4,4
2196,2197,3,1,3
2197,2198,4,3,2
2198,2199,1,4,4
2199,2200,2,2,3
2200,2201,4,4,2
2201,2202,3,3,3
2202,2203,2,4,4
2203,2204,3,2,2
2204,2205,3,3,3
2205,2206,1,3,2
2206,2207,4,3,2
2207,2208,1,3,1
2208,2209,4,4,3
2209,2210,4,3,3
2210,2211,1,4,3
2211,2212,3,1,3
2212,2213,3,1,1
2213,2214,1,3,3
2214,2215,3,4,3
2215,2216,1,4,2
2216,2217,3,1,3
2217,2218,2,1,2
2218,2219,1,1,3
2219,2220,3,4,3
2220,2221,4,4,2
2221,2222,4,1,3
2222,2223,2,4,4
2223,2224,1,2,3
2224,2225,2,3,3
2225,2226,4,1,3
2226,2227,1,2,3
2227,2228,4,1,3
2228,2229,1,2,4
2229,2230,2,1,4
2230,2231,1,4,2
2231,2232,3,1,2
2232,2233,1,4,2
2233,2234,1,1,3
2234,2235,3,3,1
2235,2236,1,1,4
2236,2237,1,3,4
2237,2238,4,3,3
2238,2239,4,4,2
2239,2240,4,2,2
2240,2241,2,3,2
2241,2242,3,3,4
2242,2243,1,4,3
2243,2244,1,4,4
2244,2245,1,1,4
2245,2246,3,2,3
2246,2247,2,1,3
2247,2248,4,2,3
2248,2249,2,4,1
2249,2250,2,4,4
2250,2251,3,1,3
2251,2252,1,3,3
2252,2253,4,2,3
2253,2254,4,1,3
2254,2255,3,3,3
2255,2256,4,2,2
2256,2257,1,3,2
2257,2258,3,3,4
2258,2259,4,2,2
2259,2260,4,1,3
2260,2261,4,1,3
2261,2262,4,3,2
2262,2263,1,4,3
2263,2264,1,3,2
2264,2265,3,3,2
2265,2266,2,3,2
2266,2267,3,2,3
2267,2268,2,1,2
2268,2269,1,3,4
2269,2270,1,2,1
2270,2271,1,2,4
2271,2272,4,3,3
2272,2273,2,1,2
2273,2274,4,2,3
2274,2275,2,3,2
2275,2276,3,3,3
2276,2277,3,3,4
2277,2278,4,3,3
2278,2279,1,2,3
2279,2280,3,3,2
2280,2281,3,1,2
2281,2282,1,3,1
2282,2283,3,1,3
2283,2284,3,1,3
2284,2285,4,2,3
2285,2286,3,2,2
2286,2287,4,3,3
2287,2288,3,4,4
2288,2289,2,4,3
2289,2290,1,1,1
2290,2291,4,1,4
2291,2292,2,2,3
2292,2293,3,2,4
2293,2294,4,2,1
2294,2295,1,3,3
2295,2296,4,1,1
2296,2297,4,3,3
2297,2298,4,3,1
2298,2299,3,4,3
2299,2300,2,3,3
2300,2301,3,2,3
2301,2302,1,4,3
2302,2303,3,1,3
2303,2304,4,2,3
2304,2305,4,4,3
2305,2306,4,4,1
2306,2307,1,1,4
2307,2308,2,3,3
2308,2309,3,4,3
2309,2310,3,1,3
2310,2311,4,4,3
2311,2312,1,2,3
2312,2313,2,3,3
2313,2314,4,2,3
2314,2315,3,4,2
2315,2316,3,3,3
2316,2317,3,3,2
2317,2318,1,1,1
2318,2319,2,1,3
2319,2320,3,3,3
2320,2321,4,1,3
2321,2322,3,2,3
2322,2323,1,1,3
2323,2324,3,4,3
2324,2325,3,2,3
2325,2326,4,1,2
2326,2327,3,1,2
2327,2328,1,4,1
2328,2329,3,4,3
2329,2330,2,4,2
2330,2331,1,4,3
2331,2332,3,2,3
2332,2333,2,2,4
2333,2334,2,3,3
2334,2335,2,1,3
2335,2336,1,3,3
2336,2337,4,3,3
2337,2338,1,4,4
2338,2339,3,3,3
2339,2340,4,3,3
2340,2341,1,1,3
2341,2342,4,4,3
2342,2343,2,3,2
2343,2344,4,3,2
2344,2345,4,1,3
2345,2346,4,2,3
2346,2347,3,4,2
2347,2348,4,1,1
2348,2349,3,2,3
2349,2350,2,3,2
2350,2351,2,3,3
2351,2352,2,4,3
2352,2353,2,4,2
2353,2354,2,2,2
2354,2355,3,1,3
2355,2356,1,1,3
2356,2357,4,1,3
2357,2358,3,3,3
2358,2359,3,4,3
2359,2360,3,1,2
2360,2361,2,1,3
2361,2362,4,1,3
2362,2363,2,1,3
2363,2364,2,1,2
2364,2365,3,4,3
2365,2366,2,4,4
2366,2367,4,3,3
2367,2368,3,3,3
2368,2369,1,3,3
2369,2370,3,3,3
2370,2371,3,3,2
2371,2372,1,3,1
2372,2373,4,4,3
2373,2374,4,3,4
2374,2375,4,1,3
2375,2376,2,2,1
2376,2377,3,4,2
2377,2378,1,4,3
2378,2379,3,4,3
2379,2380,3,4,2
2380,2381,1,4,3
2381,2382,2,3,3
2382,2383,4,4,2
2383,2384,1,1,1
2384,2385,3,3,3
2385,2386,2,1,3
2386,2387,4,3,3
2387,2388,4,2,3
2388,2389,1,2,3
2389,2390,4,1,3
2390,2391,3,3,3
2391,2392,4,2,3
2392,2393,1,2,3
2393,2394,3,3,3
2394,2395,4,3,3
2395,2396,4,1,3
2396,2397,2,3,3
2397,2398,3,3,3
2398,2399,4,4,4
2399,2400,4,4,4
2400,2401,1,2,2
2401,2402,4,4,3
2402,2403,4,2,2
2403,2404,1,4,3
2404,2405,4,1,2
2405,2406,4,2,3
2406,2407,2,2,3
2407,2408,3,3,3
2408,2409,4,3,3
2409,2410,4,1,3
2410,2411,3,4,3
2411,2412,1,3,2
2412,2413,3,4,3
2413,2414,4,3,3
2414,2415,4,3,2
2415,2416,2,4,3
2416,2417,4,3,3
2417,2418,4,2,3
2418,2419,4,4,3
2419,2420,1,2,3
2420,2421,2,4,4
2421,2422,3,4,4
2422,2423,2,2,3
2423,2424,3,4,2
2424,2425,2,4,3
2425,2426,3,4,3
2426,2427,3,4,3
2427,2428,1,4,4
2428,2429,4,4,3
2429,2430,3,3,3
2430,2431,4,3,3
2431,2432,4,3,3
2432,2433,3,4,2
2433,2434,3,3,2
2434,2435,4,3,3
2435,2436,3,3,1
2436,2437,4,3,4
2437,2438,4,2,3
2438,2439,1,3,2
2439,2440,2,3,4
2440,2441,3,2,3
2441,2442,2,1,3
2442,2443,2,1,4
2443,2444,3,2,3
2444,2445,4,3,3
2445,2446,2,4,2
2446,2447,3,2,1
2447,2448,3,4,2
2448,2449,2,1,3
2449,2450,1,2,3
2450,2451,3,2,1
2451,2452,4,4,2
2452,2453,4,4,3
2453,2454,4,3,1
2454,2455,2,2,2
2455,2456,3,3,4
2456,2457,4,1,3
2457,2458,1,4,3
2458,2459,3,4,2
2459,2460,1,3,3
2460,2461,3,4,2
2461,2462,2,2,3
2462,2463,4,3,4
2463,2464,3,1,3
2464,2465,4,4,3
2465,2466,4,2,2
2466,2467,4,4,4
2467,2468,1,1,2
2468,2469,3,2,2
2469,2470,1,3,3
2470,2471,4,1,3
2471,2472,3,3,3
2472,2473,2,2,3
2473,2474,2,4,3
2474,2475,3,3,3
2475,2476,2,2,2
2476,2477,3,3,3
2477,2478,4,2,2
2478,2479,3,1,3
2479,2480,4,3,3
2480,2481,1,3,2
2481,2482,2,4,3
2482,2483,4,4,3
2483,2484,2,2,3
2484,2485,4,3,3
2485,2486,3,1,3
2486,2487,1,4,3
2487,2488,1,3,3
2488,2489,2,2,3
2489,2490,3,4,3
2490,2491,4,1,3
2491,2492,3,2,2
2492,2493,3,2,2
2493,2494,3,4,3
2494,2495,4,1,3
2495,2496,3,4,4
2496,2497,3,3,3
2497,2498,2,2,3
2498,2499,3,1,2
2499,2500,2,1,2
2500,2501,2,4,3
2501,2502,1,2,3
2502,2503,4,1,2
2503,2504,4,1,1
2504,2505,3,4,3
2505,2506,1,3,2
2506,2507,2,2,1
2507,2508,3,3,4
2508,2509,1,3,3
2509,2510,4,2,3
2510,2511,4,2,4
2511,2512,3,4,3
2512,2513,2,3,3
2513,2514,2,2,2
2514,2515,2,3,4
2515,2516,3,2,3
2516,2517,2,1,3
2517,2518,4,4,2
2518,2519,1,1,3
2519,2520,3,1,3
2520,2521,2,4,2
2521,2522,3,4,3
2522,2523,1,3,3
2523,2524,2,3,1
2524,2525,4,1,3
2525,2526,1,1,3
2526,2527,3,3,4
2527,2528,4,2,3
2528,2529,1,4,3
2529,2530,4,4,2
2530,2531,4,4,4
2531,2532,4,4,4
2532,2533,3,3,2
2533,2534,2,3,3
2534,2535,4,4,2
2535,2536,3,4,3
2536,2537,4,3,3
2537,2538,4,3,3
2538,2539,3,2,2
2539,2540,1,1,3
2540,2541,2,3,3
2541,2542,4,2,3
2542,2543,1,3,3
2543,2544,4,2,3
2544,2545,4,4,2
2545,2546,3,2,3
2546,2547,4,1,2
2547,2548,4,4,3
2548,2549,2,4,4
2549,2550,2,2,3
2550,2551,2,4,2
2551,2552,4,2,3
2552,2553,2,3,3
2553,2554,2,3,3
2554,2555,3,4,3
2555,2556,4,1,3
2556,2557,4,1,3
2557,2558,4,2,3
2558,2559,2,4,2
2559,2560,2,4,2
2560,2561,1,1,3
2561,2562,2,3,2
2562,2563,1,3,2
2563,2564,4,4,3
2564,2565,2,1,3
2565,2566,4,1,3
2566,2567,1,4,3
2567,2568,3,2,1
2568,2569,3,2,3
2569,2570,3,1,4
2570,2571,3,4,3
2571,2572,4,4,2
2572,2573,1,3,2
2573,2574,3,4,3
2574,2575,2,3,3
2575,2576,2,3,2
2576,2577,3,4,3
2577,2578,3,1,3
2578,2579,1,3,3
2579,2580,2,2,2
2580,2581,3,4,3
2581,2582,4,3,3
2582,2583,3,2,4
2583,2584,4,1,3
2584,2585,1,1,3
2585,2586,4,2,3
2586,2587,4,4,2
2587,2588,1,3,3
2588,2589,2,4,4
2589,2590,2,4,3
2590,2591,2,4,3
2591,2592,1,2,3
2592,2593,2,1,1
2593,2594,3,3,2
2594,2595,3,1,4
2595,2596,1,2,3
2596,2597,1,4,2
2597,2598,4,3,2
2598,2599,3,1,2
2599,2600,1,1,2
2600,2601,3,4,3
2601,2602,4,1,3
2602,2603,3,4,2
2603,2604,1,1,2
2604,2605,3,4,3
2605,2606,4,4,3
2606,2607,4,4,3
2607,2608,1,4,3
2608,2609,1,1,2
2609,2610,1,3,2
2610,2611,4,3,3
2611,2612,1,3,3
2612,2613,4,2,3
2613,2614,3,2,3
2614,2615,4,4,3
2615,2616,2,1,3
2616,2617,4,3,3
2617,2618,3,3,4
2618,2619,3,1,3
2619,2620,2,3,2
2620,2621,4,4,4
2621,2622,4,3,4
2622,2623,2,2,3
2623,2624,3,2,3
2624,2625,4,2,2
2625,2626,4,3,2
2626,2627,1,3,3
2627,2628,2,3,2
2628,2629,4,2,3
2629,2630,1,3,3
2630,2631,1,3,3
2631,2632,4,1,2
2632,2633,4,4,3
2633,2634,3,2,1
2634,2635,4,3,3
2635,2636,4,3,4
2636,2637,2,3,3
2637,2638,2,4,3
2638,2639,3,2,3
2639,2640,1,4,2
2640,2641,2,2,3
2641,2642,1,4,3
2642,2643,2,3,3
2643,2644,3,4,3
2644,2645,3,4,3
2645,2646,1,3,2
2646,2647,1,4,2
2647,2648,2,4,3
2648,2649,3,1,3
2649,2650,4,4,2
2650,2651,4,1,2
2651,2652,1,4,3
2652,2653,4,2,3
2653,2654,3,3,2
2654,2655,1,4,4
2655,2656,1,3,2
2656,2657,4,3,1
2657,2658,1,2,3
2658,2659,4,3,3
2659,2660,4,4,2
2660,2661,3,2,3
2661,2662,4,1,3
2662,2663,3,4,3
2663,2664,1,4,3
2664,2665,2,3,3
2665,2666,2,4,2
2666,2667,4,3,3
2667,2668,3,3,3
2668,2669,3,3,4
2669,2670,3,3,3
2670,2671,3,4,3
2671,2672,4,2,3
2672,2673,4,1,1
2673,2674,4,1,3
2674,2675,2,4,2
2675,2676,2,1,3
2676,2677,4,3,3
2677,2678,3,4,3
2678,2679,4,1,3
2679,2680,2,2,3
2680,2681,4,2,2
2681,2682,2,3,4
2682,2683,2,4,1
2683,2684,3,2,3
2684,2685,4,3,3
2685,2686,4,3,3
2686,2687,1,2,3
2687,2688,4,4,2
2688,2689,3,1,2
2689,2690,4,3,3
2690,2691,4,3,3
2691,2692,3,3,2
2692,2693,1,2,3
2693,2694,4,3,3
2694,2695,1,3,2
2695,2696,2,4,3
2696,2697,3,3,3
2697,2698,2,1,3
2698,2699,1,2,2
2699,2700,4,4,2
2700,2701,1,4,3
2701,2702,4,4,3
2702,2703,1,3,2
2703,2704,3,1,3
2704,2705,1,2,3
2705,2706,3,4,3
2706,2707,2,1,3
2707,2708,3,3,2
2708,2709,2,1,3
2709,2710,3,2,3
2710,2711,1,4,3
2711,2712,2,1,2
2712,2713,3,4,3
2713,2714,4,4,4
2714,2715,4,3,3
2715,2716,4,4,4
2716,2717,2,4,2
2717,2718,4,3,2
2718,2719,1,3,3
2719,2720,4,4,3
2720,2721,2,1,4
2721,2722,3,1,3
2722,2723,3,4,3
2723,2724,4,1,3
2724,2725,1,3,2
2725,2726,4,3,3
2726,2727,3,4,3
2727,2728,2,3,3
2728,2729,2,3,3
2729,2730,2,2,3
2730,2731,1,4,3
2731,2732,4,4,3
2732,2733,1,3,3
2733,2734,3,3,2
2734,2735,2,1,2
2735,2736,3,1,3
2736,2737,3,4,2
2737,2738,1,4,3
2738,2739,2,1,2
2739,2740,3,1,3
2740,2741,4,4,2
2741,2742,1,3,4
2742,2743,1,4,3
2743,2744,4,4,3
2744,2745,2,3,2
2745,2746,1,1,2
2746,2747,3,3,3
2747,2748,4,3,3
2748,2749,2,2,3
2749,2750,2,1,3
2750,2751,2,1,2
2751,2752,4,3,2
2752,2753,1,3,2
2753,2754,3,2,3
2754,2755,3,2,3
2755,2756,2,2,3
2756,2757,2,4,3
2757,2758,3,4,3
2758,2759,3,1,3
2759,2760,4,1,4
2760,2761,1,3,4
2761,2762,2,2,3
2762,2763,4,4,2
2763,2764,2,3,3
2764,2765,1,4,3
2765,2766,2,4,3
2766,2767,1,2,3
2767,2768,4,4,2
2768,2769,3,1,3
2769,2770,4,4,3
2770,2771,3,4,3
2771,2772,3,4,3
2772,2773,3,2,2
2773,2774,3,4,1
2774,2775,3,2,2
2775,2776,3,1,2
2776,2777,2,3,3
2777,2778,1,3,1
2778,2779,1,3,2
2779,2780,2,3,4
2780,2781,4,3,2
2781,2782,2,2,4
2782,2783,3,1,3
2783,2784,4,1,3
2784,2785,4,4,3
2785,2786,1,3,3
2786,2787,3,4,4
2787,2788,3,4,3
2788,2789,1,2,2
2789,2790,3,3,3
2790,2791,4,4,3
2791,2792,2,4,3
2792,2793,1,1,2
2793,2794,1,3,3
2794,2795,4,4,3
2795,2796,2,3,3
2796,2797,3,2,3
2797,2798,3,4,3
2798,2799,3,1,3
2799,2800,2,4,3
2800,2801,1,4,3
2801,2802,3,4,4
2802,2803,1,3,2
2803,2804,3,2,4
2804,2805,2,2,3
2805,2806,1,3,3
2806,2807,2,3,2
2807,2808,3,2,2
2808,2809,4,4,2
2809,2810,4,3,2
2810,2811,3,4,3
2811,2812,3,1,2
2812,2813,2,3,3
2813,2814,3,4,3
2814,2815,2,3,3
2815,2816,3,3,3
2816,2817,3,3,3
2817,2818,2,2,3
2818,2819,1,4,3
2819,2820,4,3,4
2820,2821,1,3,3
2821,2822,3,4,1
2822,2823,1,1,4
2823,2824,3,4,2
2824,2825,4,3,3
2825,2826,1,3,2
2826,2827,4,4,4
2827,2828,4,1,3
2828,2829,2,4,3
2829,2830,4,1,2
2830,2831,3,1,3
2831,2832,2,2,3
2832,2833,2,2,3
2833,2834,3,2,3
2834,2835,2,3,1
2835,2836,2,2,1
2836,2837,2,4,3
2837,2838,4,3,3
2838,2839,2,3,3
2839,2840,2,2,2
2840,2841,3,4,2
2841,2842,3,3,3
2842,2843,3,4,3
2843,2844,4,2,1
2844,2845,3,4,1
2845,2846,3,4,1
2846,2847,3,3,2
2847,2848,3,2,3
2848,2849,1,3,3
2849,2850,2,4,3
2850,2851,1,4,4
2851,2852,3,3,3
2852,2853,3,2,2
2853,2854,3,1,4
2854,2855,4,2,2
2855,2856,3,1,3
2856,2857,3,1,4
2857,2858,3,1,3
2858,2859,3,4,4
2859,2860,2,4,2
2860,2861,2,1,3
2861,2862,3,4,3
2862,2863,3,4,3
2863,2864,4,2,3
2864,2865,2,2,2
2865,2866,3,3,2
2866,2867,4,1,3
2867,2868,4,2,3
2868,2869,4,3,3
2869,2870,3,2,3
2870,2871,4,3,2
2871,2872,4,2,3
2872,2873,3,3,3
2873,2874,4,2,2
2874,2875,2,3,3
2875,2876,4,3,4
2876,2877,1,4,3
2877,2878,2,1,2
2878,2879,2,2,3
2879,2880,3,3,3
2880,2881,4,3,3
2881,2882,4,4,1
2882,2883,3,1,3
2883,2884,4,4,3
2884,2885,4,3,4
2885,2886,3,4,4
2886,2887,2,1,3
2887,2888,2,4,2
2888,2889,4,2,2
2889,2890,2,4,3
2890,2891,4,4,1
2891,2892,4,1,3
2892,2893,4,4,2
2893,2894,3,3,3
2894,2895,4,3,3
2895,2896,2,2,1
2896,2897,4,1,3
2897,2898,4,4,3
2898,2899,3,1,3
2899,2900,3,3,2
2900,2901,4,4,3
2901,2902,4,1,3
2902,2903,4,2,4
2903,2904,3,2,3
2904,2905,2,4,3
2905,2906,1,3,2
2906,2907,3,3,3
2907,2908,3,4,3
2908,2909,1,4,3
2909,2910,2,4,3
2910,2911,3,3,4
2911,2912,3,4,2
2912,2913,3,4,2
2913,2914,3,4,3
2914,2915,2,3,2
2915,2916,4,4,2
2916,2917,3,4,1
2917,2918,4,4,3
2918,2919,1,1,4
2919,2920,1,3,4
2920,2921,3,2,3
2921,2922,4,3,1
2922,2923,3,3,3
2923,2924,3,4,3
2924,2925,3,1,2
2925,2926,3,4,3
2926,2927,3,4,3
2927,2928,2,3,3
2928,2929,3,4,2
2929,2930,4,1,3
2930,2931,3,1,2
2931,2932,1,3,3
2932,2933,1,3,3
2933,2934,3,3,3
2934,2935,3,4,3
2935,2936,4,1,3
2936,2937,4,4,3
2937,2938,1,3,3
2938,2939,4,1,3
2939,2940,1,3,3
2940,2941,3,4,2
2941,2942,3,2,4
2942,2943,2,2,1
2943,2944,4,4,3
2944,2945,4,1,3
2945,2946,3,2,2
2946,2947,1,3,1
2947,2948,1,2,3
2948,2949,2,4,3
2949,2950,2,1,3
2950,2951,3,4,3
2951,2952,4,4,3
2952,2953,4,1,3
2953,2954,1,2,2
2954,2955,4,4,2
2955,2956,3,4,4
2956,2957,4,3,4
2957,2958,1,4,3
2958,2959,2,2,2
2959,2960,1,1,3
2960,2961,3,2,1
2961,2962,1,2,2
2962,2963,3,3,2
2963,2964,2,3,3
2964,2965,2,4,2
2965,2966,2,4,3
2966,2967,1,1,3
2967,2968,4,4,3
2968,2969,4,3,1
2969,2970,4,4,3
2970,2971,1,2,3
2971,2972,4,4,3
2972,2973,3,1,3
2973,2974,3,2,3
2974,2975,4,2,2
2975,2976,4,4,3
2976,2977,2,4,2
2977,2978,3,2,4
2978,2979,3,3,3
2979,2980,3,2,2
2980,2981,3,4,3
2981,2982,4,2,3
2982,2983,4,2,3
2983,2984,4,3,3
2984,2985,2,1,3
2985,2986,2,4,2
2986,2987,3,4,2
2987,2988,2,2,3
2988,2989,4,3,2
2989,2990,1,2,3
2990,2991,4,3,3
2991,2992,3,4,3
2992,2993,1,1,3
2993,2994,1,1,3
2994,2995,3,4,1
2995,2996,4,2,3
2996,2997,3,1,3
2997,2998,3,4,3
2998,2999,3,3,3
2999,3000,3,2,2
3000,3001,3,2,2
3001,3002,3,2,3
3002,3003,4,3,3
3003,3004,4,4,3
3004,3005,1,4,2
3005,3006,1,4,2
3006,3007,4,4,3
3007,3008,3,3,3
3008,3009,3,4,3
3009,3010,4,3,2
3010,3011,2,4,2
3011,3012,4,3,3
3012,3013,3,3,4
3013,3014,3,2,3
3014,3015,4,3,2
3015,3016,3,1,2
3016,3017,4,4,3
3017,3018,2,4,2
3018,3019,2,1,2
3019,3020,2,4,3
3020,3021,4,3,3
3021,3022,2,2,3
3022,3023,4,4,2
3023,3024,3,4,3
3024,3025,3,4,3
3025,3026,4,2,3
3026,3027,3,2,3
3027,3028,3,4,2
3028,3029,4,2,3
3029,3030,2,3,3
3030,3031,1,4,3
3031,3032,4,3,2
3032,3033,3,3,3
3033,3034,3,2,3
3034,3035,1,3,1
3035,3036,3,1,3
3036,3037,4,3,4
3037,3038,3,3,3
3038,3039,1,4,3
3039,3040,1,2,3
3040,3041,4,4,3
3041,3042,1,4,3
3042,3043,4,3,3
3043,3044,4,3,3
3044,3045,1,4,2
3045,3046,4,3,3
3046,3047,3,1,3
3047,3048,3,3,4
3048,3049,1,2,3
3049,3050,4,4,3
3050,3051,3,3,3
3051,3052,3,2,3
3052,3053,3,2,3
3053,3054,4,4,3
3054,3055,3,2,3
3055,3056,4,2,3
3056,3057,2,4,3
3057,3058,2,3,3
3058,3059,3,4,2
3059,3060,4,3,3
3060,3061,1,4,2
3061,3062,3,4,3
3062,3063,4,3,4
3063,3064,3,2,3
3064,3065,3,1,3
3065,3066,1,2,3
3066,3067,2,3,3
3067,3068,3,4,3
3068,3069,4,1,2
3069,3070,4,2,3
3070,3071,2,1,3
3071,3072,3,2,2
3072,3073,1,2,3
3073,3074,2,3,3
3074,3075,1,1,2
3075,3076,3,3,3
3076,3077,2,1,1
3077,3078,4,4,3
3078,3079,3,3,3
3079,3080,2,4,3
3080,3081,2,3,3
3081,3082,4,1,3
3082,3083,2,3,3
3083,3084,3,1,2
3084,3085,2,3,3
3085,3086,2,3,3
3086,3087,3,1,3
3087,3088,1,1,3
3088,3089,4,3,3
3089,3090,1,4,2
3090,3091,4,4,1
3091,3092,1,3,3
3092,3093,3,4,3
3093,3094,1,1,1
3094,3095,3,3,2
3095,3096,4,4,4
3096,3097,1,2,3
3097,3098,4,3,2
3098,3099,4,4,3
3099,3100,3,3,3
3100,3101,1,4,1
3101,3102,3,4,1
3102,3103,2,3,3
3103,3104,3,2,4
3104,3105,1,4,4
3105,3106,3,1,3
3106,3107,1,4,2
3107,3108,2,3,3
3108,3109,3,4,2
3109,3110,3,1,4
3110,3111,1,4,3
3111,3112,1,3,1
3112,3113,4,3,3
3113,3114,3,3,3
3114,3115,3,3,3
3115,3116,3,4,3
3116,3117,3,2,4
3117,3118,2,3,4
3118,3119,1,4,3
3119,3120,4,2,3
3120,3121,4,3,3
3121,3122,1,3,3
3122,3123,2,1,3
3123,3124,2,3,3
3124,3125,2,4,2
3125,3126,3,3,3
3126,3127,2,4,3
3127,3128,1,2,3
3128,3129,4,4,3
3129,3130,2,3,3
3130,3131,2,3,3
3131,3132,3,3,3
3132,3133,2,4,4
3133,3134,4,1,2
3134,3135,4,2,4
3135,3136,2,3,2
3136,3137,4,4,4
3137,3138,1,3,3
3138,3139,3,4,2
3139,3140,2,2,3
3140,3141,3,1,3
3141,3142,1,3,3
3142,3143,1,3,3
3143,3144,1,3,3
3144,3145,4,4,3
3145,3146,3,4,1
3146,3147,2,4,4
3147,3148,1,3,2
3148,3149,2,1,3
3149,3150,1,2,3
3150,3151,4,1,3
3151,3152,4,3,3
3152,3153,4,4,3
3153,3154,3,3,3
3154,3155,2,2,2
3155,3156,4,3,3
3156,3157,2,4,3
3157,3158,1,2,4
3158,3159,4,2,3
3159,3160,1,2,3
3160,3161,2,3,3
3161,3162,1,3,3
3162,3163,2,1,4
3163,3164,2,4,3
3164,3165,2,1,1
3165,3166,1,4,3
3166,3167,1,4,4
3167,3168,1,3,2
3168,3169,4,3,2
3169,3170,4,2,4
3170,3171,3,4,3
3171,3172,2,4,2
3172,3173,3,1,2
3173,3174,4,3,3
3174,3175,4,1,1
3175,3176,1,3,4
3176,3177,3,3,3
3177,3178,3,1,3
3178,3179,3,3,3
3179,3180,4,4,4
3180,3181,1,3,3
3181,3182,3,3,3
3182,3183,1,4,2
3183,3184,3,3,3
3184,3185,4,1,4
3185,3186,2,4,2
3186,3187,1,1,3
3187,3188,3,4,3
3188,3189,3,3,3
3189,3190,2,3,2
3190,3191,2,4,3
3191,3192,3,4,1
3192,3193,3,2,4
3193,3194,2,2,3
3194,3195,1,4,3
3195,3196,4,3,3
3196,3197,1,1,3
3197,3198,3,3,3
3198,3199,1,1,4
3199,3200,4,2,3
3200,3201,4,4,3
3201,3202,2,4,3
3202,3203,2,2,3
3203,3204,4,4,3
3204,3205,4,4,3
3205,3206,4,3,3
3206,3207,4,2,4
3207,3208,1,3,3
3208,3209,4,3,3
3209,3210,4,4,2
3210,3211,2,3,3
3211,3212,2,4,2
3212,3213,3,1,3
3213,3214,3,4,3
3214,3215,4,1,3
3215,3216,4,1,3
3216,3217,3,3,3
3217,3218,2,4,2
3218,3219,1,1,3
3219,3220,4,1,2
3220,3221,4,3,3
3221,3222,4,2,3
3222,3223,1,2,3
3223,3224,1,1,3
3224,3225,3,3,4
3225,3226,1,3,3
3226,3227,4,3,2
3227,3228,3,4,2
3228,3229,3,3,3
3229,3230,3,3,3
3230,3231,4,4,3
3231,3232,2,3,3
3232,3233,2,1,4
3233,3234,3,2,1
3234,3235,3,4,2
3235,3236,4,4,2
3236,3237,4,1,1
3237,3238,4,2,3
3238,3239,4,4,3
3239,3240,4,1,4
3240,3241,1,4,3
3241,3242,4,3,1
3242,3243,2,1,3
3243,3244,3,1,4
3244,3245,4,4,2
3245,3246,3,4,2
3246,3247,2,3,3
3247,3248,1,3,3
3248,3249,2,3,3
3249,3250,4,4,3
3250,3251,4,1,3
3251,3252,1,1,3
3252,3253,4,4,3
3253,3254,1,4,3
3254,3255,2,3,2
3255,3256,4,1,2
3256,3257,2,4,3
3257,3258,4,1,3
3258,3259,3,4,3
3259,3260,4,1,2
3260,3261,1,1,3
3261,3262,3,1,3
3262,3263,1,4,2
3263,3264,4,3,3
3264,3265,3,2,3
3265,3266,3,1,3
3266,3267,2,4,2
3267,3268,3,1,3
3268,3269,3,2,3
3269,3270,4,3,3
3270,3271,3,3,3
3271,3272,2,1,3
3272,3273,3,3,4
3273,3274,1,1,3
3274,3275,3,4,2
3275,3276,3,2,3
3276,3277,3,3,3
3277,3278,4,2,3
3278,3279,4,3,3
3279,3280,4,4,3
3280,3281,3,3,2
3281,3282,3,2,3
3282,3283,3,3,3
3283,3284,1,3,3
3284,3285,3,4,2
3285,3286,2,3,3
3286,3287,2,2,2
3287,3288,1,1,2
3288,3289,3,4,3
3289,3290,3,4,4
3290,3291,3,4,2
3291,3292,2,1,3
3292,3293,3,4,3
3293,3294,3,3,4
3294,3295,2,2,3
3295,3296,3,3,1
3296,3297,3,3,3
3297,3298,4,4,2
3298,3299,1,3,2
3299,3300,4,2,2
3300,3301,1,1,2
3301,3302,1,1,3
3302,3303,3,1,2
3303,3304,2,4,2
3304,3305,2,4,2
3305,3306,2,4,2
3306,3307,1,4,3
3307,3308,4,1,3
3308,3309,3,3,2
3309,3310,3,4,3
3310,3311,4,3,3
3311,3312,2,4,3
3312,3313,4,4,1
3313,3314,1,4,2
3314,3315,2,4,3
3315,3316,1,1,3
3316,3317,3,1,3
3317,3318,4,3,3
3318,3319,4,2,2
3319,3320,4,4,3
3320,3321,3,1,4
3321,3322,3,1,3
3322,3323,1,4,2
3323,3324,2,2,3
3324,3325,2,2,3
3325,3326,3,4,2
3326,3327,4,4,3
3327,3328,2,3,3
3328,3329,1,4,3
3329,3330,4,2,3
3330,3331,3,4,3
3331,3332,4,4,3
3332,3333,4,4,2
3333,3334,3,4,3
3334,3335,1,2,3
3335,3336,1,1,3
3336,3337,4,4,3
3337,3338,4,2,4
3338,3339,1,4,1
3339,3340,1,4,3
3340,3341,2,1,3
3341,3342,1,4,3
3342,3343,4,4,2
3343,3344,1,2,4
3344,3345,3,3,2
3345,3346,4,4,2
3346,3347,3,4,2
3347,3348,4,4,2
3348,3349,2,3,4
3349,3350,2,4,2
3350,3351,3,3,3
3351,3352,4,1,1
3352,3353,2,3,3
3353,3354,2,2,3
3354,3355,3,3,3
3355,3356,3,1,3
3356,3357,3,2,3
3357,3358,2,3,4
3358,3359,4,4,1
3359,3360,1,2,2
3360,3361,4,3,2
3361,3362,4,3,2
3362,3363,2,4,3
3363,3364,4,1,3
3364,3365,3,2,3
3365,3366,3,2,3
3366,3367,1,2,2
3367,3368,3,1,3
3368,3369,4,1,3
3369,3370,3,3,3
3370,3371,4,2,4
3371,3372,1,1,3
3372,3373,4,4,1
3373,3374,4,2,3
3374,3375,3,1,4
3375,3376,3,4,3
3376,3377,2,4,3
3377,3378,1,3,1
3378,3379,3,2,2
3379,3380,3,4,3
3380,3381,3,3,3
3381,3382,4,4,2
3382,3383,4,3,3
3383,3384,3,3,4
3384,3385,3,3,4
3385,3386,3,4,3
3386,3387,4,4,3
3387,3388,3,3,3
3388,3389,2,2,2
3389,3390,3,3,4
3390,3391,1,4,3
3391,3392,3,1,3
3392,3393,4,3,3
3393,3394,4,1,3
3394,3395,2,4,3
3395,3396,4,4,3
3396,3397,4,4,2
3397,3398,3,2,3
3398,3399,1,3,4
3399,3400,3,2,3
3400,3401,4,1,3
3401,3402,4,4,3
3402,3403,1,3,3
3403,3404,4,3,3
3404,3405,3,3,2
3405,3406,4,3,3
3406,3407,4,3,3
3407,3408,3,2,1
3408,3409,3,1,3
3409,3410,2,4,3
3410,3411,3,3,3
3411,3412,3,3,2
3412,3413,2,1,2
3413,3414,4,1,3
3414,3415,2,2,3
3415,3416,4,4,3
3416,3417,2,1,2
3417,3418,1,3,3
3418,3419,3,3,3
3419,3420,4,3,3
3420,3421,4,4,3
3421,3422,1,4,3
3422,3423,2,4,2
3423,3424,4,3,4
3424,3425,1,4,3
3425,3426,3,4,3
3426,3427,1,2,1
3427,3428,3,2,3
3428,3429,2,3,3
3429,3430,2,4,3
3430,3431,2,1,3
3431,3432,1,4,3
3432,3433,4,4,3
3433,3434,4,3,3
3434,3435,3,1,3
3435,3436,4,1,3
3436,3437,2,4,2
3437,3438,4,4,4
3438,3439,4,3,3
3439,3440,2,4,2
3440,3441,2,4,1
3441,3442,2,2,3
3442,3443,3,2,3
3443,3444,1,3,2
3444,3445,1,1,3
3445,3446,3,3,3
3446,3447,4,2,3
3447,3448,3,3,3
3448,3449,2,3,2
3449,3450,4,2,2
3450,3451,3,1,2
3451,3452,1,3,3
3452,3453,4,4,3
3453,3454,3,3,3
3454,3455,1,3,3
3455,3456,4,4,2
3456,3457,3,1,4
3457,3458,3,4,3
3458,3459,4,4,3
3459,3460,3,1,2
3460,3461,4,1,3
3461,3462,1,3,4
3462,3463,2,1,2
3463,3464,1,1,3
3464,3465,3,1,2
3465,3466,2,3,3
3466,3467,3,3,2
3467,3468,1,4,3
3468,3469,1,3,3
3469,3470,4,2,3
3470,3471,3,3,4
3471,3472,2,1,3
3472,3473,4,4,3
3473,3474,4,1,3
3474,3475,1,3,3
3475,3476,1,3,2
3476,3477,1,4,2
3477,3478,4,4,3
3478,3479,4,4,4
3479,3480,1,3,2
3480,3481,1,2,3
3481,3482,4,1,3
3482,3483,1,2,3
3483,3484,4,3,3
3484,3485,4,2,3
3485,3486,3,4,3
3486,3487,1,4,2
3487,3488,2,3,3
3488,3489,2,2,3
3489,3490,3,3,3
3490,3491,3,4,3
3491,3492,4,2,2
3492,3493,1,3,3
3493,3494,4,2,3
3494,3495,3,1,3
3495,3496,1,4,3
3496,3497,3,3,4
3497,3498,4,2,4
3498,3499,3,2,2
3499,3500,1,4,3
3500,3501,3,4,3
3501,3502,1,2,1
3502,3503,4,4,3
3503,3504,4,2,3
3504,3505,4,3,2
3505,3506,4,2,2
3506,3507,2,4,3
3507,3508,2,4,2
3508,3509,3,3,4
3509,3510,3,3,3
3510,3511,3,3,3
3511,3512,1,1,3
3512,3513,2,4,3
3513,3514,3,3,2
3514,3515,3,4,3
3515,3516,4,3,3
3516,3517,2,3,2
3517,3518,3,3,1
3518,3519,4,1,1
3519,3520,2,3,2
3520,3521,3,1,2
3521,3522,2,1,4
3522,3523,4,3,3
3523,3524,4,2,3
3524,3525,3,4,2
3525,3526,1,4,3
3526,3527,3,3,3
3527,3528,3,4,1
3528,3529,3,2,4
3529,3530,4,1,3
3530,3531,4,4,4
3531,3532,1,3,2
3532,3533,3,1,3
3533,3534,4,1,3
3534,3535,3,4,3
3535,3536,3,1,3
3536,3537,1,3,2
3537,3538,4,4,2
3538,3539,1,3,2
3539,3540,3,3,3
3540,3541,4,3,3
3541,3542,2,4,2
3542,3543,3,4,3
3543,3544,3,1,3
3544,3545,4,3,3
3545,3546,2,3,3
3546,3547,1,1,1
3547,3548,3,1,3
3548,3549,2,2,3
3549,3550,4,1,3
3550,3551,4,1,3
3551,3552,4,2,3
3552,3553,3,1,3
3553,3554,4,2,1
3554,3555,2,3,2
3555,3556,3,3,3
3556,3557,3,3,2
3557,3558,4,4,3
3558,3559,3,4,3
3559,3560,4,4,2
3560,3561,4,1,4
3561,3562,2,4,3
3562,3563,3,2,3
3563,3564,4,3,3
3564,3565,3,1,3
3565,3566,1,4,3
3566,3567,2,2,4
3567,3568,3,4,3
3568,3569,4,2,3
3569,3570,1,1,3
3570,3571,3,4,2
3571,3572,1,1,2
3572,3573,4,3,1
3573,3574,1,4,3
3574,3575,1,2,4
3575,3576,1,4,3
3576,3577,4,4,3
3577,3578,3,1,2
3578,3579,3,1,3
3579,3580,3,4,3
3580,3581,3,4,3
3581,3582,1,3,4
3582,3583,3,2,2
3583,3584,4,2,2
3584,3585,1,3,3
3585,3586,3,4,3
3586,3587,4,4,4
3587,3588,4,4,2
3588,3589,3,3,2
3589,3590,2,2,3
3590,3591,4,3,3
3591,3592,2,4,3
3592,3593,4,3,3
3593,3594,3,4,3
3594,3595,3,4,2
3595,3596,1,2,3
3596,3597,4,2,3
3597,3598,1,3,1
3598,3599,4,2,3
3599,3600,3,1,3
3600,3601,4,2,2
3601,3602,4,4,2
3602,3603,3,2,4
3603,3604,4,3,2
3604,3605,3,1,2
3605,3606,3,2,4
3606,3607,3,3,3
3607,3608,2,2,3
3608,3609,4,4,4
3609,3610,3,2,3
3610,3611,1,4,3
3611,3612,4,4,3
3612,3613,2,3,2
3613,3614,3,3,3
3614,3615,2,3,3
3615,3616,4,1,2
3616,3617,4,2,2
3617,3618,3,4,4
3618,3619,2,2,3
3619,3620,3,2,3
3620,3621,1,3,3
3621,3622,4,3,3
3622,3623,3,1,3
3623,3624,1,4,3
3624,3625,4,3,3
3625,3626,4,1,4
3626,3627,3,4,3
3627,3628,4,1,3
3628,3629,4,2,3
3629,3630,2,2,2
3630,3631,2,1,3
3631,3632,1,3,3
3632,3633,4,3,2
3633,3634,3,2,3
3634,3635,4,2,4
3635,3636,1,1,4
3636,3637,3,3,2
3637,3638,4,3,3
3638,3639,4,2,3
3639,3640,3,3,3
3640,3641,4,4,2
3641,3642,3,4,3
3642,3643,3,1,3
3643,3644,3,3,3
3644,3645,3,2,3
3645,3646,2,1,3
3646,3647,3,1,4
3647,3648,4,4,2
3648,3649,3,1,2
3649,3650,2,2,3
3650,3651,1,1,2
3651,3652,4,4,3
3652,3653,3,4,3
3653,3654,4,2,2
3654,3655,4,4,3
3655,3656,4,4,3
3656,3657,4,4,3
3657,3658,1,3,2
3658,3659,4,2,3
3659,3660,1,3,3
3660,3661,2,3,3
3661,3662,2,3,3
3662,3663,3,4,4
3663,3664,4,3,2
3664,3665,4,3,3
3665,3666,3,4,4
3666,3667,3,1,3
3667,3668,4,3,2
3668,3669,1,4,4
3669,3670,2,2,3
3670,3671,4,4,2
3671,3672,3,3,3
3672,3673,2,4,4
3673,3674,3,2,2
3674,3675,3,3,3
3675,3676,1,3,2
3676,3677,4,3,2
3677,3678,1,3,1
3678,3679,4,4,3
3679,3680,4,3,3
3680,3681,1,4,3
3681,3682,3,1,3
3682,3683,3,1,1
3683,3684,1,3,3
3684,3685,3,4,3
3685,3686,1,4,2
3686,3687,3,1,3
3687,3688,2,1,2
3688,3689,1,1,3
3689,3690,3,4,3
3690,3691,4,4,2
3691,3692,4,1,3
3692,3693,2,4,4
3693,3694,1,2,3
3694,3695,2,3,3
3695,3696,4,1,3
3696,3697,1,2,4
3697,3698,4,1,3
3698,3699,1,2,4
3699,3700,2,1,4
3700,3701,1,4,2
3701,3702,3,1,2
3702,3703,1,4,2
3703,3704,1,1,3
3704,3705,3,3,1
3705,3706,1,1,4
3706,3707,1,3,4
3707,3708,4,3,3
3708,3709,4,4,2
3709,3710,4,2,2
3710,3711,2,3,2
3711,3712,3,3,4
3712,3713,1,4,3
3713,3714,1,4,4
3714,3715,1,1,4
3715,3716,3,2,3
3716,3717,2,1,3
3717,3718,4,2,3
3718,3719,2,4,1
3719,3720,2,4,4
3720,3721,3,1,3
3721,3722,1,3,3
3722,3723,4,2,3
3723,3724,4,1,3
3724,3725,3,3,3
3725,3726,4,2,2
3726,3727,1,3,2
3727,3728,3,3,4
3728,3729,4,2,2
3729,3730,4,1,3
3730,3731,4,1,3
3731,3732,4,3,2
3732,3733,1,4,3
3733,3734,1,3,2
3734,3735,3,3,2
3735,3736,2,3,2
3736,3737,3,2,3
3737,3738,2,1,2
3738,3739,1,3,4
3739,3740,1,2,1
3740,3741,1,2,4
3741,3742,4,3,3
3742,3743,2,1,2
3743,3744,4,2,3
3744,3745,2,3,2
3745,3746,3,3,3
3746,3747,3,3,4
3747,3748,4,3,3
3748,3749,1,2,3
3749,3750,3,3,2
3750,3751,3,1,2
3751,3752,1,3,1
3752,3753,3,1,3
3753,3754,3,1,3
3754,3755,4,2,3
3755,3756,3,2,2
3756,3757,4,3,3
3757,3758,3,4,4
3758,3759,2,4,3
3759,3760,1,1,1
3760,3761,4,1,4
3761,3762,2,2,3
3762,3763,3,2,4
3763,3764,4,2,1
3764,3765,1,3,3
3765,3766,4,1,1
3766,3767,4,3,3
3767,3768,4,3,1
3768,3769,3,4,3
3769,3770,2,3,3
3770,3771,3,2,3
3771,3772,1,4,3
3772,3773,3,1,3
3773,3774,4,2,3
3774,3775,4,4,3
3775,3776,4,4,1
3776,3777,1,1,4
3777,3778,2,3,3
3778,3779,3,3,3
3779,3780,3,1,3
3780,3781,4,4,3
3781,3782,1,2,3
3782,3783,2,3,3
3783,3784,4,2,3
3784,3785,3,4,2
3785,3786,3,3,3
3786,3787,3,3,2
3787,3788,1,1,1
3788,3789,2,1,3
3789,3790,3,3,3
3790,3791,4,1,3
3791,3792,3,2,3
3792,3793,1,1,3
3793,3794,3,4,3
3794,3795,3,2,3
3795,3796,4,1,2
3796,3797,3,1,2
3797,3798,1,4,1
3798,3799,3,4,3
3799,3800,2,4,2
3800,3801,1,4,3
3801,3802,3,2,3
3802,3803,2,2,4
3803,3804,2,3,3
3804,3805,2,1,3
3805,3806,1,3,3
3806,3807,4,3,3
3807,3808,1,4,4
3808,3809,3,3,3
3809,3810,4,3,3
3810,3811,1,1,3
3811,3812,4,4,3
3812,3813,2,3,2
3813,3814,4,3,2
3814,3815,4,1,3
3815,3816,4,2,3
3816,3817,3,4,2
3817,3818,4,1,1
3818,3819,3,2,3
3819,3820,2,3,2
3820,3821,2,3,3
3821,3822,2,4,3
3822,3823,2,4,2
3823,3824,2,2,2
3824,3825,3,1,3
3825,3826,1,1,3
3826,3827,4,1,3
3827,3828,3,3,3
3828,3829,3,4,3
3829,3830,3,1,2
3830,3831,2,1,3
3831,3832,4,1,3
3832,3833,2,1,3
3833,3834,2,1,2
3834,3835,3,4,3
3835,3836,2,4,4
3836,3837,4,3,3
3837,3838,3,3,3
3838,3839,1,3,3
3839,3840,3,3,3
3840,3841,3,3,2
3841,3842,1,3,1
3842,3843,4,4,3
3843,3844,4,3,4
3844,3845,4,1,3
3845,3846,2,2,1
3846,3847,3,4,2
3847,3848,1,4,3
3848,3849,3,4,3
3849,3850,1,4,2
3850,3851,1,4,3
3851,3852,2,3,3
3852,3853,4,4,2
3853,3854,1,1,1
3854,3855,3,3,3
3855,3856,2,1,3
3856,3857,4,3,3
3857,3858,4,2,3
3858,3859,1,2,3
3859,3860,4,1,3
3860,3861,3,3,3
3861,3862,4,2,3
3862,3863,1,2,3
3863,3864,3,3,3
3864,3865,4,3,3
3865,3866,4,1,3
3866,3867,2,3,3
3867,3868,3,3,3
3868,3869,4,4,4
3869,3870,4,4,4
3870,3871,1,2,2
3871,3872,4,4,3
3872,3873,4,2,2
3873,3874,1,4,3
3874,3875,4,1,2
3875,3876,4,2,3
3876,3877,2,2,3
3877,3878,3,3,3
3878,3879,4,3,3
3879,3880,4,1,3
3880,3881,3,4,3
3881,3882,1,3,2
3882,3883,3,4,3
3883,3884,4,3,3
3884,3885,4,3,2
3885,3886,2,4,3
3886,3887,4,3,3
3887,3888,4,2,3
3888,3889,4,4,3
3889,3890,1,2,3
3890,3891,2,4,4
3891,3892,3,4,4
3892,3893,2,2,3
3893,3894,3,4,2
3894,3895,2,4,3
3895,3896,3,4,3
3896,3897,3,4,3
3897,3898,1,4,4
3898,3899,4,4,3
3899,3900,3,3,3
3900,3901,4,3,3
3901,3902,4,3,3
3902,3903,3,4,2
3903,3904,3,3,2
3904,3905,4,3,3
3905,3906,3,3,1
3906,3907,4,3,4
3907,3908,4,2,3
3908,3909,1,3,2
3909,3910,2,3,4
3910,3911,3,2,3
3911,3912,2,1,3
3912,3913,2,1,4
3913,3914,3,2,3
3914,3915,4,3,3
3915,3916,2,4,2
3916,3917,3,2,1
3917,3918,3,4,2
3918,3919,2,1,3
3919,3920,1,2,3
3920,3921,3,2,1
3921,3922,4,4,2
3922,3923,4,4,3
3923,3924,4,3,1
3924,3925,2,2,2
3925,3926,3,3,4
3926,3927,4,1,3
3927,3928,1,4,3
3928,3929,3,4,2
3929,3930,1,3,3
3930,3931,3,4,2
3931,3932,2,2,3
3932,3933,4,3,4
3933,3934,3,1,3
3934,3935,4,4,3
3935,3936,4,2,2
3936,3937,4,4,4
3937,3938,1,1,2
3938,3939,3,2,2
3939,3940,1,3,3
3940,3941,4,1,3
3941,3942,3,3,3
3942,3943,2,2,3
3943,3944,2,4,3
3944,3945,3,3,3
3945,3946,2,2,2
3946,3947,3,1,3
3947,3948,4,2,2
3948,3949,3,1,3
3949,3950,4,3,3
3950,3951,1,3,2
3951,3952,2,4,3
3952,3953,4,4,3
3953,3954,2,2,3
3954,3955,4,3,3
3955,3956,3,1,3
3956,3957,1,4,3
3957,3958,1,3,3
3958,3959,2,2,3
3959,3960,3,4,3
3960,3961,4,1,3
3961,3962,3,2,2
3962,3963,3,2,2
3963,3964,3,4,3
3964,3965,4,1,3
3965,3966,3,4,4
3966,3967,3,3,3
3967,3968,2,2,3
3968,3969,3,1,2
3969,3970,2,1,2
3970,3971,2,4,3
3971,3972,1,2,3
3972,3973,4,1,2
3973,3974,4,1,1
3974,3975,3,4,3
3975,3976,1,3,2
3976,3977,2,2,1
3977,3978,3,3,4
3978,3979,1,3,3
3979,3980,4,2,3
3980,3981,4,2,4
3981,3982,3,4,3
3982,3983,2,3,3
3983,3984,2,2,2
3984,3985,2,3,4
3985,3986,3,2,3
3986,3987,2,1,3
3987,3988,4,4,2
3988,3989,1,1,3
3989,3990,3,1,3
3990,3991,2,4,2
3991,3992,3,4,3
3992,3993,1,3,3
3993,3994,2,3,1
3994,3995,4,1,3
3995,3996,1,1,3
3996,3997,3,3,4
3997,3998,4,2,3
3998,3999,1,4,3
3999,4000,4,4,2
4000,4001,4,4,4
4001,4002,4,4,4
4002,4003,3,3,2
4003,4004,2,3,3
4004,4005,4,4,2
4005,4006,3,4,3
4006,4007,4,3,3
4007,4008,4,3,3
4008,4009,3,2,2
4009,4010,1,1,3
4010,4011,2,3,3
4011,4012,4,2,3
4012,4013,1,3,3
4013,4014,4,2,3
4014,4015,4,4,2
4015,4016,3,2,3
4016,4017,4,1,2
4017,4018,4,4,3
4018,4019,2,4,4
4019,4020,2,2,3
4020,4021,2,4,2
4021,4022,4,2,3
4022,4023,2,3,3
4023,4024,2,3,3
4024,4025,3,4,3
4025,4026,4,1,3
4026,4027,4,1,3
4027,4028,4,2,3
4028,4029,2,4,2
4029,4030,2,4,2
4030,4031,1,3,3
4031,4032,2,3,2
4032,4033,1,3,2
4033,4034,4,4,3
4034,4035,2,1,3
4035,4036,4,1,3
4036,4037,1,4,3
4037,4038,3,2,1
4038,4039,3,2,3
4039,4040,3,1,4
4040,4041,3,4,3
4041,4042,4,4,2
4042,4043,1,3,2
4043,4044,3,4,3
4044,4045,2,3,3
4045,4046,2,3,2
4046,4047,3,4,3
4047,4048,3,1,3
4048,4049,1,3,3
4049,4050,2,2,2
4050,4051,3,4,3
4051,4052,4,3,3
4052,4053,3,2,4
4053,4054,4,1,3
4054,4055,1,1,3
4055,4056,4,2,3
4056,4057,4,4,2
4057,4058,1,3,3
4058,4059,2,4,4
4059,4060,2,4,3
4060,4061,2,4,3
4061,4062,1,2,3
4062,4063,2,1,1
4063,4064,3,3,2
4064,4065,3,1,4
4065,4066,1,2,3
4066,4067,1,4,2
4067,4068,4,3,2
4068,4069,3,1,2
4069,4070,1,1,2
4070,4071,3,4,3
4071,4072,4,1,3
4072,4073,3,4,2
4073,4074,1,1,2
4074,4075,3,4,3
4075,4076,4,4,3
4076,4077,4,4,3
4077,4078,1,4,3
4078,4079,1,1,2
4079,4080,1,3,2
4080,4081,4,3,3
4081,4082,1,3,3
4082,4083,4,2,3
4083,4084,3,2,3
4084,4085,4,4,3
4085,4086,2,1,3
4086,4087,4,3,3
4087,4088,3,3,4
4088,4089,3,1,3
4089,4090,2,3,2
4090,4091,4,4,4
4091,4092,4,3,4
4092,4093,2,2,3
4093,4094,3,2,3
4094,4095,4,2,2
4095,4096,4,3,2
4096,4097,1,3,3
4097,4098,2,3,2
4098,4099,4,2,3
4099,4100,1,3,3
4100,4101,1,3,3
4101,4102,4,1,2
4102,4103,4,4,3
4103,4104,3,2,1
4104,4105,4,3,3
4105,4106,4,3,4
4106,4107,2,3,3
4107,4108,2,4,3
4108,4109,3,2,3
4109,4110,1,4,2
4110,4111,2,2,3
4111,4112,1,4,3
4112,4113,2,3,3
4113,4114,3,4,3
4114,4115,3,4,3
4115,4116,1,3,2
4116,4117,1,4,3
4117,4118,2,4,3
4118,4119,3,1,3
4119,4120,4,4,2
4120,4121,4,1,2
4121,4122,1,4,3
4122,4123,4,2,3
4123,4124,3,3,2
4124,4125,1,4,4
4125,4126,1,3,2
4126,4127,4,3,1
4127,4128,1,2,3
4128,4129,4,3,3
4129,4130,4,4,2
4130,4131,3,2,3
4131,4132,4,1,3
4132,4133,3,4,3
4133,4134,1,4,3
4134,4135,2,3,3
4135,4136,2,4,2
4136,4137,4,3,3
4137,4138,3,3,3
4138,4139,3,3,4
4139,4140,3,3,3
4140,4141,3,4,3
4141,4142,4,2,3
4142,4143,4,1,1
4143,4144,4,1,3
4144,4145,2,4,2
4145,4146,2,1,3
4146,4147,4,3,3
4147,4148,3,4,3
4148,4149,4,1,3
4149,4150,2,2,3
4150,4151,4,2,2
4151,4152,2,3,4
4152,4153,2,4,1
4153,4154,3,2,3
4154,4155,4,3,3
4155,4156,4,3,3
4156,4157,1,2,3
4157,4158,4,4,2
4158,4159,3,1,2
4159,4160,4,3,3
4160,4161,4,3,3
4161,4162,3,3,2
4162,4163,1,2,3
4163,4164,4,3,3
4164,4165,1,3,2
4165,4166,2,4,3
4166,4167,3,3,3
4167,4168,2,1,3
4168,4169,1,2,2
4169,4170,4,4,2
4170,4171,1,4,3
4171,4172,4,4,3
4172,4173,1,3,2
4173,4174,3,1,3
4174,4175,1,2,3
4175,4176,3,4,3
4176,4177,2,1,3
4177,4178,3,3,2
4178,4179,2,1,3
4179,4180,3,2,3
4180,4181,1,4,3
4181,4182,2,1,2
4182,4183,3,4,3
4183,4184,4,4,4
4184,4185,4,3,3
4185,4186,4,4,4
4186,4187,2,4,2
4187,4188,4,3,2
4188,4189,1,3,3
4189,4190,4,4,3
4190,4191,2,1,4
4191,4192,3,1,3
4192,4193,3,4,3
4193,4194,4,1,3
4194,4195,1,3,2
4195,4196,4,3,3
4196,4197,3,4,3
4197,4198,2,3,3
4198,4199,2,3,3
4199,4200,2,2,3
4200,4201,1,4,3
4201,4202,4,4,3
4202,4203,1,3,3
4203,4204,3,3,2
4204,4205,2,1,2
4205,4206,3,1,3
4206,4207,3,4,2
4207,4208,1,4,3
4208,4209,2,1,2
4209,4210,3,1,3
4210,4211,4,4,2
4211,4212,1,3,4
4212,4213,1,4,3
4213,4214,4,4,3
4214,4215,2,3,2
4215,4216,1,1,2
4216,4217,3,3,3
4217,4218,4,3,3
4218,4219,2,2,3
4219,4220,2,3,3
4220,4221,2,1,2
4221,4222,4,3,2
4222,4223,1,3,2
4223,4224,3,2,3
4224,4225,3,2,3
4225,4226,2,2,3
4226,4227,2,4,3
4227,4228,3,4,3
4228,4229,3,1,3
4229,4230,4,1,4
4230,4231,1,3,4
4231,4232,2,2,3
4232,4233,4,4,2
4233,4234,2,3,3
4234,4235,1,4,3
4235,4236,2,4,3
4236,4237,1,2,3
4237,4238,4,4,2
4238,4239,3,1,3
4239,4240,4,4,3
4240,4241,3,4,3
4241,4242,3,4,3
4242,4243,3,2,2
4243,4244,3,4,1
4244,4245,3,2,2
4245,4246,3,1,2
4246,4247,2,3,3
4247,4248,1,3,1
4248,4249,1,3,2
4249,4250,2,3,4
4250,4251,4,3,2
4251,4252,2,2,4
4252,4253,3,1,3
4253,4254,4,1,3
4254,4255,4,4,3
4255,4256,1,3,3
4256,4257,3,4,4
4257,4258,3,4,3
4258,4259,1,2,2
4259,4260,3,3,3
4260,4261,4,4,3
4261,4262,2,4,3
4262,4263,1,1,2
4263,4264,1,3,3
4264,4265,4,4,3
4265,4266,2,3,3
4266,4267,3,2,3
4267,4268,3,4,3
4268,4269,3,1,3
4269,4270,2,4,3
4270,4271,1,4,3
4271,4272,3,4,4
4272,4273,1,3,2
4273,4274,3,2,4
4274,4275,2,2,3
4275,4276,1,3,3
4276,4277,2,3,2
4277,4278,3,2,2
4278,4279,4,4,2
4279,4280,4,3,2
4280,4281,3,4,3
4281,4282,3,1,2
4282,4283,2,3,3
4283,4284,3,4,3
4284,4285,2,3,3
4285,4286,3,3,3
4286,4287,3,3,3
4287,4288,2,2,3
4288,4289,1,4,3
4289,4290,4,3,4
4290,4291,1,3,3
4291,4292,3,4,1
4292,4293,1,1,4
4293,4294,3,4,2
4294,4295,4,3,3
4295,4296,1,3,2
4296,4297,4,4,4
4297,4298,4,1,3
4298,4299,2,4,3
4299,4300,4,1,2
4300,4301,3,1,3
4301,4302,2,2,3
4302,4303,2,2,3
4303,4304,3,2,3
4304,4305,2,3,1
4305,4306,2,2,3
4306,4307,2,4,3
4307,4308,4,3,3
4308,4309,2,3,3
4309,4310,2,2,2
4310,4311,3,4,2
4311,4312,3,3,3
4312,4313,3,4,3
4313,4314,4,2,1
4314,4315,3,4,1
4315,4316,3,4,1
4316,4317,3,3,2
4317,4318,3,2,3
4318,4319,1,3,3
4319,4320,2,4,3
4320,4321,1,4,4
4321,4322,3,3,3
4322,4323,3,2,2
4323,4324,3,1,4
4324,4325,4,2,2
4325,4326,3,1,3
4326,4327,3,1,4
4327,4328,3,1,3
4328,4329,3,4,4
4329,4330,2,4,2
4330,4331,2,1,3
4331,4332,3,4,3
4332,4333,3,4,3
4333,4334,4,2,3
4334,4335,2,2,2
4335,4336,3,3,2
4336,4337,4,1,3
4337,4338,4,2,3
4338,4339,4,3,3
4339,4340,3,2,3
4340,4341,4,3,2
4341,4342,4,2,3
4342,4343,3,3,3
4343,4344,4,2,2
4344,4345,2,3,3
4345,4346,4,3,4
4346,4347,1,4,3
4347,4348,2,1,2
4348,4349,2,2,3
4349,4350,3,3,3
4350,4351,4,3,3
4351,4352,4,4,1
4352,4353,3,1,3
4353,4354,4,4,3
4354,4355,4,3,4
4355,4356,3,4,4
4356,4357,2,1,3
4357,4358,2,4,2
4358,4359,4,2,2
4359,4360,2,4,3
4360,4361,4,4,1
4361,4362,4,1,3
4362,4363,4,4,2
4363,4364,3,3,3
4364,4365,4,3,3
4365,4366,2,2,1
4366,4367,4,1,3
4367,4368,4,4,3
4368,4369,3,1,2
4369,4370,3,3,2
4370,4371,4,4,3
4371,4372,4,1,3
4372,4373,4,2,4
4373,4374,3,2,3
4374,4375,2,4,3
4375,4376,1,3,2
4376,4377,3,3,3
4377,4378,3,4,3
4378,4379,1,4,3
4379,4380,2,4,3
4380,4381,3,3,4
4381,4382,3,4,2
4382,4383,3,4,2
4383,4384,3,4,3
4384,4385,2,3,2
4385,4386,4,4,2
4386,4387,3,4,1
4387,4388,4,4,3
4388,4389,1,1,4
4389,4390,1,3,4
4390,4391,3,2,3
4391,4392,4,3,1
4392,4393,3,3,3
4393,4394,3,4,3
4394,4395,3,1,2
4395,4396,1,4,3
4396,4397,3,4,3
4397,4398,2,3,3
4398,4399,3,4,2
4399,4400,4,1,3
4400,4401,3,1,2
4401,4402,1,3,3
4402,4403,1,3,3
4403,4404,3,3,3
4404,4405,3,4,3
4405,4406,4,1,3
4406,4407,4,4,3
4407,4408,1,3,3
4408,4409,4,1,3
4409,4410,1,3,3
